date,volatilite_reelle,random_forest,prediction_random_forest,xgboost,prediction_xgboost,lightgbm,prediction_lightgbm,neural_network,prediction_neural_network,Ensemble,prediction_Ensemble
2024-01-04,6.38956964134077,0.3317582413200171,6.057811400020753,-0.6273680913557635,7.0169377,0.34071948097474714,6.0488501603660225,0.5239264969207422,5.865643144420027,0.1307730587663105,6.258796582574459
2024-01-05,6.844745783669416,0.6413590772198745,6.203386706449542,-0.21763548387819132,7.0623813,0.5396799450549947,6.305065838614421,-0.0990686559183338,6.94381443958775,0.21945029848640552,6.625295485183011
2024-01-06,6.609211947123897,-0.18036091964657874,6.789572866770476,-0.7131418927503708,7.322354,0.2572871905610681,6.351924756562829,0.1894403884874345,6.419771558636462,0.05633175143892988,6.552880195684967
2024-01-07,6.398430395387041,-0.44644120027502066,6.844871595662061,-0.9763268944994339,7.3747573,0.10696206417894061,6.2914683312081,0.06932358768520519,6.3291068077018355,0.20112853681458542,6.197301858572455
2024-01-08,6.237214335267734,-0.7506173908723657,6.9878317261401,-1.1391317760298731,7.376346,-0.3968503289139349,6.634064664181669,0.0011464034844621551,6.236067931783272,-0.15809036239513397,6.395304697662868
2024-01-09,6.417649508830455,-0.13590025531358307,6.553549764144038,-0.8830411421094864,7.3006907,-0.26943284288183644,6.6870823517122915,0.32045555865292386,6.097193950177531,0.015345166895546214,6.402304341934909
2024-01-10,6.319393128331556,-0.18741113077546956,6.506804259107025,-0.9797029791513543,7.299096,-0.4652651523543918,6.784658280685948,-0.19145928701068016,6.510852415342236,-0.03703788943441921,6.356431017765975
2024-01-11,6.139866719959901,-0.7128719498266038,6.852738669786505,-1.113748659373595,7.2536154,-0.7326171591361303,6.872483879096031,0.2709626244740013,5.8689040954859,-0.3095202218250943,6.449386941784995
2024-01-12,6.098935563740645,-0.1741506119117915,6.273086175652437,-0.9373307631636516,7.0362663,-0.3232954414102558,6.422231005150901,-0.5965040855172692,6.6954396492579145,-0.01861862080328791,6.117554184543933
2024-01-13,5.943839759072149,-0.21125425358843053,6.155094012660579,-1.0640032585059762,7.007843,-0.09428608977537856,6.038125848847527,-0.20420426248276513,6.148044021554914,0.04041135465769141,5.903428404414457
2024-01-14,5.80630539570498,-0.19792532021327336,6.004230715918253,-1.2210917600567388,7.027397,-0.10827250532359312,5.914577901028573,0.008744279773684305,5.797561115931296,-0.042074742395337594,5.8483801381003175
2024-01-15,6.025498384734029,0.15189769795276487,5.8736006867812645,-0.9450097138682656,6.970508,0.22745812400690202,5.798040260727127,0.15812632774337843,5.867372056990651,-0.28073480099739356,6.306233185731423
2024-01-16,7.054544145192488,1.2016549972223363,5.852889147970152,0.11789386900840615,6.9366503,1.1746086468219108,5.879935498370577,0.8972706443374863,6.157273500855002,0.45182314631413956,6.602720998878349
2024-01-17,6.911604218474348,0.02160127448493121,6.890002943989416,-0.4109184217539239,7.3225226,0.09893003504026421,6.812674183434083,0.04311191769176581,6.868492300782582,0.18044881756799125,6.731155400906356
2024-01-18,6.923591944854839,0.21814525375222438,6.7054466911026145,-0.713870671111958,7.6374626,-1.0849281218547242,8.008520066709563,-0.6478002171777408,7.57139216203258,-0.06799037840988831,6.991582323264727
2024-01-19,6.7921803149664015,0.15338579331845192,6.63879452164795,-0.6620423641717821,7.4542227,-0.1922893957749876,6.984469710741389,-1.650016656913781,8.442196971880183,-0.03189283280860966,6.824073147775011
2024-01-20,6.562123427041127,0.07522223812927997,6.486901188911847,-0.8177555707616078,7.379879,0.12293815752568626,6.43918526951544,0.0677029070146915,6.494420520026435,0.003299685459234425,6.558823741581892
2024-01-21,6.356357789027097,-0.10737785925478338,6.46373564828188,-1.0260102987414577,7.382368,-0.03933962628305743,6.3956974153101545,0.4031916485301368,5.95316614049696,-0.0053336901858642705,6.361691479212961
2024-01-22,6.276645106576074,-0.2044870845750104,6.481132191151085,-1.1384926612156736,7.415138,-0.3167193017219079,6.593364408297982,0.5905938363417675,5.686051270234307,-0.011953610416747473,6.288598716992822
2024-01-23,6.172128725424954,-0.23013810887035646,6.40226683429531,-1.1269673820579564,7.299096,-0.3199149836398565,6.49204370906481,0.6312177337349514,5.540910991690002,-0.3545184498801781,6.526647175305132
2024-01-24,6.201539481000153,-0.1545666768710685,6.3561061578712215,-1.0952496883113705,7.296789,-0.3996928906029824,6.601232371603135,0.011703520834920766,6.189835960165232,-0.13684843336706365,6.338387914367217
2024-01-25,6.0794923800092,-0.4118544702385609,6.491346850247761,-1.1499611836809853,7.2294536,-1.03398659255181,7.11347897256101,0.28098013003854927,5.798512249970651,-0.22612111182638372,6.305613491835584
2024-01-26,6.231426195793415,0.16553324175060524,6.06589295404281,-0.7680278256604423,6.999454,-0.12096505394139268,6.352391249734808,-0.46301907720501667,6.694445272998432,-0.027370386781043976,6.258796582574459
2024-01-27,6.061576385794828,0.02734285296233896,6.034233532832489,-0.8828224942100551,6.944399,-0.09860193069717305,6.160178316492001,-0.08581333792337276,6.1473897237182005,-0.04481688588437738,6.106393271679205
2024-01-28,5.9106814042375,-0.0800525516343642,5.990733955871864,-1.0183871611311526,6.9290686,0.10063381014409867,5.810047594093401,0.09582695412231246,5.814854450115187,0.05428642540965534,5.856394978827844
2024-01-29,9.695213004067298,3.778634356284618,5.91657864778268,2.7832991323021616,6.911914,3.87111820053767,5.824094803529628,3.8291110908639254,5.866101913203373,1.0893334179643137,8.605879586102985
2024-01-30,9.23902728974596,-0.272369106621861,9.511396396367822,0.2905342859007458,8.948493,0.09292584026053596,9.146101449485425,-1.8578120296361043,11.096839319382065,0.06423159586714178,9.174795693878819
2024-01-31,8.855571578502659,-0.39859081320433987,9.254162391706998,-0.0584642186164821,8.914036,-0.42188481475511885,9.277456393257777,-1.2743683691500465,10.129939947652705,0.024881100382971866,8.830690478119687
2024-02-01,8.426950175965413,-0.9540901428321753,9.381040318797588,-0.4599678919667163,8.886918,-0.5734337083039787,9.000383884269391,-1.730381205963159,10.157331381928572,-0.024195769105205045,8.451145945070618
2024-02-02,8.08161541673413,-1.0866676361456964,9.168283052879826,-0.7519150092912614,8.83353,-0.8611339311245256,8.942749347858655,-0.7157108883138203,8.79732630504795,-0.2378341067082239,8.319449523442353
2024-02-03,7.723690099350794,-1.1099909086877986,8.833681008038592,-1.0022324851828976,8.725923,-0.627765258237563,8.351455357588357,0.13896574196008427,7.5847243573907095,-0.22354887000652912,7.947238969357323
2024-02-04,7.400048780821048,-0.4395897566777558,7.839638537498804,-0.930026483156003,8.330075,-0.27660832660581214,7.67665710742686,-0.05889229076287439,7.458941071583922,-0.20183015524717263,7.60187893606822
2024-02-05,7.49058800239567,0.094750624393666,7.395837378002004,-0.5118934581756189,8.002481,0.049234986102469236,7.441353016293201,0.5089373217802295,6.981650680615441,-0.25912295215031644,7.749710954545987
2024-02-06,7.66491822078706,0.1634376686991441,7.501480552087916,-0.28665562793730537,7.951574,0.35496974658217884,7.309948474204881,-0.30489561833892953,7.969813839125989,-0.11789954543721581,7.782817766224276
2024-02-07,7.357275710967696,-0.30391430993596114,7.661190020903657,-0.4303429261172651,7.7876186,-0.5152738899290803,7.872549600896776,-1.3338819282934802,8.691157639261176,-0.14246344558721447,7.49973915655491
2024-02-08,7.57331120944987,0.020104221329876992,7.553206988119993,-0.26123583339680945,7.834547,-0.7814334006975256,8.354744610147396,-3.404454906739038,10.977766116188908,-0.2693034472517395,7.84261465670161
2024-02-09,7.348576184638547,-0.20531241758337515,7.553888602221922,-0.5549677644886506,7.903544,-1.2009216209427995,8.549497805581346,-2.3602648459360216,9.708841030574568,-0.09817328963988547,7.446749474278432
2024-02-10,7.061792427830275,-0.28562657181393547,7.34741899964421,-0.736345236964647,7.7981377,-0.869469468544172,7.931261896374447,-1.0954699418127518,8.157262369643027,-0.1945959505493926,7.256388378379667
2024-02-11,6.803913731679013,-0.3315327769900467,7.13544650866906,-0.8895267056378815,7.6934404,-0.7340394523918734,7.537953184070886,-0.1292301721302911,6.933143903809304,0.0504320850573059,6.753481646621707
2024-02-12,6.665112852021547,-0.30038771230973715,6.965500564331284,-0.9957185993944684,7.6608315,-0.9539690461053638,7.619081898126911,-2.0563464367800783,8.721459288801626,-0.18230486701623683,6.847417719037784
2024-02-13,6.483887431896087,-0.43534410142236535,6.919231533318452,-1.1731665155526434,7.657054,-1.0511174926295697,7.535004924525657,-1.7600968195356037,8.24398425143169,-0.27021442281487307,6.75410185471096
2024-02-14,6.443478281799688,-0.3118895208814454,6.755367802681134,-1.066191975768671,7.5096703,-0.8156078637081139,7.259086145507802,-1.1453057565508704,7.588784038350559,-0.21748261151977477,6.660960893319463
2024-02-15,6.308064724890653,-0.054442397011458254,6.362507121902111,-0.9966642599421105,7.304729,-0.6050942862772883,6.9131590111679415,-0.13571872358517467,6.443783448475828,-0.3033839301423855,6.611448655033039
2024-02-16,8.187710176302927,1.8282846196091018,6.359425556693825,0.8835677011747531,7.3041425,1.2857469493069873,6.90196322699594,1.4920795431422968,6.69563063316063,0.5399574715477415,7.647752704755185
2024-02-17,7.819772431436609,-0.8969344187306119,8.71670685016722,-0.16746645253555936,7.987239,-0.9032131488316866,8.722985580268295,0.8799857162790463,6.939786715157562,0.12454459868515855,7.69522783275145
2024-02-18,7.48684782690304,-1.0283321849648628,8.515180011867903,-0.7050552874158074,8.191903,-1.5730843132951557,9.059932140198196,0.4304208135786034,7.056427013324437,-0.034181991242412835,7.521029818145453
2024-02-19,7.345249742388095,-0.49738533912531135,7.842635081513406,-0.7547296582466707,8.099979,-1.3547325714020033,8.699982313790098,-1.1455794898902312,8.490829232278326,-0.1620912821231073,7.507341024511202
2024-02-20,7.222919731654093,-0.07588894747004016,7.298808679124133,-0.6337659067736414,7.8566856,-0.08724361869457198,7.310163350348665,-0.7951606412953911,8.018080372949484,-0.31965593440169826,7.542575666055791
2024-02-21,7.578903922257291,0.31920582917548757,7.259698093081804,-0.153664341750277,7.7325683,0.3527137349618652,7.226190187295426,0.013585338879784636,7.565318583377507,0.24258208743073872,7.336321834826553
2024-02-22,7.292560995986348,0.026055240194384766,7.266505755791964,-0.39783817393552656,7.690399,-0.33380382179487533,7.626364817781224,-0.6234868022623719,7.91604779824872,0.06725392618735704,7.225307069798991
2024-02-23,7.594840886416504,0.15323289619119151,7.441607990225313,-0.19541227596752897,7.790253,-0.12682905887126505,7.721669945287769,0.6090577230878331,6.985783163328671,0.5574598050100086,7.037381081406496
2024-02-24,7.283746458689341,0.16725104610395292,7.116495412585388,-0.3742392285665188,7.6579857,-0.1308712929648479,7.4146177516541885,0.6950163129492273,6.588730145740113,0.27919714099065196,7.004549317698689
2024-02-25,7.003438727619096,-0.4417760853461461,7.445214812965242,-0.7133090331536094,7.7167478,-0.8795508429796159,7.882989570598712,0.2833377114270208,6.720101016192075,0.10121373929172961,6.902224988327366
2024-02-26,6.849610425777223,-0.21723324983184078,7.066843675609063,-0.8225783330728751,7.6721888,-0.8473506803202957,7.696961106097518,-1.830822939054955,8.680433364832178,0.02491706991295839,6.824693355864264
2024-02-27,6.684749163529436,-0.3823502525608218,7.067099416090258,-1.0185236559896067,7.703273,-1.0371270717464345,7.721876235275871,-1.5989278742548096,8.283677037784246,-0.47436547463907,7.159114638168506
2024-02-28,6.628045409086537,-0.4106719741424323,7.03871738322897,-1.0290085383621932,7.657054,-0.9468968207555291,7.574942229842066,-0.8739364820769842,7.501981891163521,-0.12605644562442286,6.75410185471096
2024-02-29,6.972896885748233,0.16519205082945287,6.8077048349187805,-0.5661942244812588,7.539091,-0.5248463743530225,7.497743260101256,0.17306520491794952,6.799831680830284,0.025036419560607648,6.947860466187626
2024-03-01,6.753373075179052,0.17649574192985185,6.5768773332492,-0.6590815299234869,7.4124546,0.09827903618788802,6.655094038991164,0.3039434283980267,6.4494296467810255,-0.00010857144265496999,6.753481646621707
2024-03-02,6.5273766708297325,-0.09567810432457868,6.623054775154311,-0.8725333023147988,7.39991,0.10061170802147146,6.426764962808261,0.1534170207530101,6.373959650076722,-0.0882149314858367,6.615591602315569
2024-03-03,6.325327331402328,-0.22457416326723223,6.549901494669561,-1.0609641725039216,7.3862915,0.03160237956744538,6.293724951834883,0.22992421662549667,6.095403114776832,0.005744771256108727,6.31958256014622
2024-03-04,6.185476041826195,-0.23813689776327251,6.423612939589468,-1.1142108668957285,7.299687,-0.04133508411065279,6.226811125936848,0.11895716271178358,6.066518879114412,0.024647935682009958,6.160828106144185
2024-03-05,6.080413276734171,-0.24360833986292185,6.324021616597093,-1.212040965972128,7.2924542,-0.2540183227250301,6.334431599459201,-0.05014435515237725,6.130557631886548,-0.17307821130735146,6.253491488041522
2024-03-06,6.4410431915836375,0.2430244540324109,6.198018737551227,-0.8445755904598196,7.285619,0.24359364308521325,6.197449548498424,0.08992933803047798,6.3511138535531595,0.09500355826702478,6.346039633316613
2024-03-07,6.699441858206824,0.12410075109400509,6.575341107112819,-0.5206375637902463,7.2200794,-0.2325601714101886,6.932002029617013,1.0795488168078116,5.6198930413990125,0.15151870615293905,6.547923152053885
2024-03-08,6.6137012295659305,-0.023958957386889246,6.63766018695282,-0.6814767069880245,7.295178,-0.13568967403447374,6.749390903600404,0.3596467450955121,6.2540544844704185,0.02106083002851289,6.592640399537418
2024-03-09,6.40244268547405,-0.21837351151799567,6.620816196992045,-0.9732987963069561,7.3757415,-0.4059054453868045,6.808348130860854,0.21821717598924284,6.184225509484807,-0.18206314270369184,6.5845058281777415
2024-03-10,6.21386417572759,-1.1303035226068348,7.344167698334425,-1.145637186119334,7.3595014,-0.17175924393423347,6.385623419661823,0.1647685646694521,6.049095611058138,-0.10770202767154302,6.321566203399133
2024-03-11,6.367716394327577,-0.16532921435586534,6.533045608683443,-0.9244369641318952,7.2921534,0.11447207989558095,6.2532443144319965,0.32260600180867627,6.045110392518901,0.045699325282412495,6.322017069045165
2024-03-12,6.2008445765925,-0.3728217569486443,6.573666333541144,-1.0913087818669727,7.2921534,-0.10493474104836586,6.305779317640866,0.0896058444514436,6.111238732141056,-0.21535989425005297,6.416204470842553
2024-03-13,6.267426677796061,-0.44290653650216694,6.710333214298228,-0.9813802756341143,7.248807,-0.46600071440334734,6.733427392199409,-0.14183578217673531,6.409262459972797,-0.26900991075803216,6.536436588554094
2024-03-14,6.609148989664399,0.3326598971041612,6.2764890925602375,-0.42008971120230054,7.0292387,0.13600240245158446,6.473146587212814,0.92123529519115,5.687913694473249,0.037944676508024244,6.571204313156374
2024-03-15,7.148818424484864,0.506465823036435,6.642352601448429,-0.09998852894531218,7.248807,0.4438363065778539,6.70498211790701,1.0119656805300528,6.136852743954811,0.5153144169552251,6.6335040075296385
2024-03-16,6.882096798845608,0.18726395532705364,6.6948328435185545,-0.5049619360481907,7.3870587,0.1764118983428471,6.705684900502761,0.4339840727985944,6.448112726047014,0.2597212256215178,6.62237557322409
2024-03-17,6.642687114382614,-0.013983214571248404,6.6566703289538625,-0.7479355014315949,7.3906226,0.2835607691754394,6.359126345207175,0.19954466026596496,6.443142454116649,0.16070826556074813,6.481978848821866
2024-03-18,6.489777708591974,-0.034967950428958616,6.524745659020932,-0.8828724378924013,7.37265,0.10770576426613676,6.382071944325837,-0.008476117956986329,6.49825382654896,-0.05974333810414123,6.549521046696115
2024-03-19,6.458122148364872,-0.0011875229162523482,6.459309671281124,-0.9145279981195031,7.37265,-0.039169115014194844,6.497291263379067,-0.10930886744833757,6.567431015813209,-0.09139889833124304,6.549521046696115
2024-03-20,6.786008053270295,0.40984642067657084,6.376161632593724,-0.5203207202282405,7.306329,0.40325792868693444,6.38275012458336,-0.051813329123477914,6.837821382393773,0.19140519123159372,6.594602862038701
2024-03-21,6.583990137807705,0.17670315243087398,6.407286985376831,-0.7217521259862405,7.3057423,0.2133416887961408,6.370648449011564,0.27617840052424913,6.307811737283456,-0.14498087790785252,6.728971015715557
2024-03-22,6.376056330974977,-0.3462563411595907,6.722312672134568,-0.9898656432071515,7.365922,-0.19047493398218407,6.566531264957161,0.24402469806369265,6.132031632911285,-0.1275766848826505,6.503633015857628
2024-03-23,6.190345223715482,-0.5575232835680044,6.747868507283487,-1.1794124285672325,7.3697577,-0.4117768091660041,6.6021220328814865,0.13053920236814687,6.0598060213473355,-0.39542279343758935,6.585768017153072
2024-03-24,6.02504660338516,-0.4091943152754407,6.434240918660601,-1.2686188057029746,7.2936654,-0.2833847208479554,6.308431324233116,0.15923382363681515,5.865812779748345,-0.2086928511620778,6.233739454547238
2024-03-25,5.888776667441872,-0.3316878953646798,6.220464562806551,-1.3968421146015855,7.285619,-0.28876000341200303,6.177536670853875,0.06165873668764643,5.827117930754225,-0.24700109486109678,6.135777762302968
2024-03-26,5.820437960091056,-0.9262186218898716,6.746656581980927,-1.4040140586467373,7.224452,-0.5294991282585437,6.349937088349599,0.04358899494118251,5.776848965149873,-0.31394795289217203,6.134385912983228
2024-03-27,5.841926613840448,-0.019473024874128164,5.861399638714576,-1.1701373662620913,7.012064,-0.10682692363221058,5.948753537472658,-0.2073487706420023,6.04927538448245,-0.0501614276861444,5.892088041526592
2024-03-28,5.716215632158003,-0.1061148506287326,5.822330482786736,-1.2261910221999068,6.9424067,-0.17221009408176435,5.888425726239768,0.15697488265156334,5.55924074950644,-0.16223360735935266,5.878449239517356
2024-03-29,5.629401698041908,-0.1584301340308949,5.787831832072803,-1.2503113604297713,6.879713,-0.18314147947989756,5.812543177521806,-0.21635010857182646,5.845751806613735,-0.1645546026857012,5.79395630072761
2024-03-30,5.528524132285311,-0.10597698200636962,5.63450111429168,-1.2928312105796795,6.8213553,-0.06763610101685469,5.596160233302165,-0.28252975139912984,5.8110538836844405,-0.02807846741749742,5.556602599702808
2024-03-31,5.439733275110183,-0.22376617898908435,5.663499454099267,-1.4101574338131568,6.8498907,-0.018628515127077527,5.4583617902372605,-0.1145472662913889,5.554280541401572,-0.04477943450011512,5.484512709610298
2024-04-01,5.42709067857143,-0.21951525001861505,5.646605928590045,-1.449070896745953,6.8761616,-0.08567623131938173,5.512766909890812,0.37748011078876775,5.049610567782662,0.024554442091635487,5.402536236479794
2024-04-02,5.527900694811333,-0.12057281048156465,5.648473505292897,-1.2994422922492141,6.827343,-0.16907693295438708,5.69697762776572,0.48739277570005246,5.04050791911128,-0.08019540378333723,5.60809609859467
2024-04-03,5.479346867444855,-0.08851593503388333,5.567862802478738,-1.2670096198293148,6.7463565,-0.06785633964216409,5.547203207087019,0.09067911984909838,5.388667747595757,0.03057253904836177,5.448774328396493
2024-04-04,5.404238945834296,-0.3133066108406224,5.717545556674918,-1.3298427993134094,6.7340817,-0.2458800042778977,5.650118950112193,0.47562818602532886,4.928610759808967,0.006440496807877061,5.397798449026419
2024-04-05,5.42959278211536,-0.2547303841952653,5.684323166310625,-1.4259064854627654,6.8554993,-0.4070675952809779,5.8366603773963375,0.2659002599685074,5.163692522146852,-0.033799629636100725,5.46339241175146
2024-04-06,5.3528225487647445,-0.09411625532960421,5.446938804094349,-1.3293831282677262,6.6822057,-0.4551777595504607,5.808000308315205,0.22568317182694386,5.127139376937801,-0.06833790927038574,5.42116045803513
2024-04-07,5.285499526798334,-0.09681526571341514,5.382314792511749,-1.3967061502341371,6.6822057,-0.19037980947566346,5.475879336273997,0.29550684357989443,4.989992683218439,-0.0363684313983228,5.321867958196656
2024-04-08,6.051735805456024,0.7005128415789921,5.351222963877032,-0.6272121201116025,6.678948,0.5411471788644029,5.5105886265916215,1.1027776404522234,4.948958165003801,0.04400956781028942,6.007726237645735
2024-04-09,7.374508000289333,0.5453525359878713,6.829155464301461,0.23225555506838536,7.1422524,0.5470490675300121,6.8274589327593205,1.8258030418132165,5.548704958476116,0.3439948938784889,7.030513106410844
2024-04-10,7.085142981461647,-1.194145148048369,8.279288129510016,-0.7115899210652081,7.796733,-0.7884237267232121,7.8735667081848595,0.260740225994752,6.824402755466895,0.09790171401045455,6.987241267451193
2024-04-11,6.82488524569645,-1.6866765209978727,8.511561766694323,-1.2021714483343118,8.027057,-1.7105990087858345,8.535484254482284,-1.3176657999880526,8.142551045684502,-0.2907749426315078,7.115660188327958
2024-04-12,6.591417643911117,-0.9914043747769261,7.582822018688043,-1.1670094991858067,7.758427,-1.5572986485694278,8.148716292480545,-0.4883004869083791,7.079718130819496,-0.47140994452823204,7.062827588439349
2024-04-13,6.382528825561208,-0.5202006036839855,6.902729429245193,-1.2099380056460678,7.592467,-0.8495062047088995,7.232035030270107,-0.3988829161268983,6.781411741688106,-0.29321383476337903,6.675742660324587
2024-04-14,6.196113617062797,-0.6184984215514282,6.814612038614225,-1.3738879851100547,7.5700016,-1.1559893454380168,7.352102962500814,-0.011186760330140544,6.207300377392937,-0.2768818468084193,6.472995463871216
2024-04-15,6.032395473505144,-0.5574953904196631,6.589890863924807,-1.4408696975458817,7.473265,-0.8156015340264062,6.84799700753155,-0.3398708177227894,6.372266291227933,-0.40869535011474856,6.441090823619892
2024-04-16,6.025039409705237,-0.40815439960910993,6.433193809314347,-1.300287986687585,7.3253274,-0.5276665398620484,6.552705949567286,0.056040767082845555,5.968998642622392,-0.22860809572822127,6.253647505433459
2024-04-17,6.070506611799097,-1.4705389665321462,7.541045578331243,-1.3257035818349365,7.39621,-0.7668921239038307,6.837398735702927,0.15744117720009143,5.913065434599005,-0.15683555899717216,6.227342170796269
2024-04-18,6.3020952691061725,0.04435436843554719,6.257740900670625,-0.7938825140969525,7.095978,-0.14854659095320066,6.450641860059373,-0.25647453742156223,6.558569806527735,0.032341027476046946,6.2697542416301255
2024-04-19,6.125278881718221,0.01070340005222814,6.114575481665993,-0.8257265771135662,6.9510055,-0.07097036630655484,6.196249248024776,-0.21403975869663316,6.339318640414854,0.03808033303597025,6.087198548682251
2024-04-20,5.967231816126339,-0.1408288737516683,6.108060689878007,-1.0008644401297646,6.9680963,-0.18397331600344025,6.151205132129779,-0.15312152789035416,6.120353344016693,-0.09325594167077789,6.060487757797117
2024-04-21,5.827027931340796,-0.21820549619688467,6.0452334275376804,-1.124474391809839,6.9515023,0.03226178053945805,5.794766150801338,0.14210158218001823,5.6849263491607775,0.09325270371989447,5.733775227620901
2024-04-22,7.627751370582954,1.6079648366259116,6.019786533957042,0.6377425395587837,6.990009,1.5978782481699367,6.029873122413017,1.7331928390944045,5.894558531488549,0.43369689939861455,7.194054471184339
2024-04-23,7.534517345144735,-0.859222485601844,8.39373983074658,-0.20043510465384884,7.7349524,-0.6012111993693363,8.135728544514071,0.6072936867091654,6.92722365843557,0.4043032620579945,7.130214083086741
2024-04-24,7.341118871426647,-1.1417104142787258,8.482829285705373,-0.7004403479337045,8.041559,-0.962517397826919,8.303636269253566,0.16586937620957976,7.175249495217067,0.02751240092905327,7.313606470497594
2024-04-25,7.30724048013467,-0.5025607693888094,7.809801249523479,-0.5905437529585917,7.897784,-0.9167433149079542,8.223983795042624,-0.7709376737816864,8.078178153916356,0.13253990799817572,7.174700572136494
2024-04-26,7.053177289843757,0.05672117806869448,6.996456111775062,-0.749134130596917,7.8023114,0.08477189912341387,6.968405390720343,0.2203201134941457,6.832857176349611,0.08306587152715572,6.970111418316601
2024-04-27,6.796177522784295,-0.15595708466919866,6.952134607453494,-0.882763727063117,7.6789412,-0.11240805638681639,6.9085855791711115,-0.3162872114814803,7.112464734265775,-0.08198606135125175,6.878163584135547
2024-04-28,6.565703226235698,-0.45036225582454303,7.016065482060241,-0.9496547449557085,7.515358,-0.1482498199578144,6.713953046193512,0.38306653674985913,6.182636689485839,0.03498349780343979,6.530719728432258
2024-04-29,6.360977918970262,-0.2218169309787541,6.582794849949016,-1.1456300903681171,7.506608,-0.14332307624808127,6.504300995218343,0.07793440394180262,6.283043515028459,-0.13330719685755188,6.494285115827814
2024-04-30,6.36274538430286,-0.3769022268207074,6.7396476111235675,-1.188068767461056,7.550814,-0.1798737359778091,6.542619120280669,0.3699555976065483,5.992789786696312,-0.1582518237220638,6.520997208024924
2024-05-01,6.17848380168728,-0.13717254156214675,6.315656343249427,-1.1174885455722414,7.2959723,0.011847856623078634,6.166635945064201,-0.2886310888080681,6.467114890495348,-0.1086162878897099,6.28710008957699
2024-05-02,6.02334367326964,-0.303248025740972,6.326591699010612,-1.2691105694366591,7.2924542,-0.23985022105704434,6.263193894326684,-0.47343638108115105,6.496780054350791,-0.3229269433895343,6.346270616659174
2024-05-03,6.269868807819019,0.08389397486368733,6.185974832955331,-0.943504376385083,7.213373,0.07115779634091979,6.198711011478099,0.047472861809257694,6.222395946009761,-0.25687976068258767,6.526748568501606
2024-05-04,6.095778788259185,0.1001798993840346,5.995598888875151,-0.9359194386695258,7.031698,-0.1057014197906776,6.201480208049863,0.4941938796672689,5.601584908591916,0.0055575935160234735,6.090221194743162
2024-05-05,5.941037240601124,-0.028432637775788194,5.969469878376912,-1.0677241653437006,7.0087614,-0.06337705877176436,6.004414299372888,-0.05364868930846978,5.994685929909593,0.08978304984234153,5.851254190758782
2024-05-06,6.157737441324293,0.2806030442628602,5.8771343970614325,-0.7651479766139397,6.9228854,0.22978891456865735,5.927948526755635,0.0596222528268493,6.098115188497443,0.12500446211324956,6.032732979211043
2024-05-07,6.01553242657769,0.13284895651996376,5.882683470057726,-0.9038334562958452,6.919366,0.028876797798822906,5.986655628778867,-1.6657046402671094,7.681237066844799,-0.01430217707672643,6.029834603654416
2024-05-08,5.969275348953806,0.029841158916226185,5.93943419003758,-0.9525634114221706,6.9218388,0.02522037510355446,5.9440549738502515,-0.4550354133756631,6.424310762329469,-0.2205048799867102,6.189780228940516
2024-05-09,6.207583939162905,0.3211321377529135,5.886451801409992,-0.617168391617124,6.8247523,0.17930589779102668,6.028278041371879,0.35246016977814243,5.855123769384763,0.025977937222428693,6.181606001940477
2024-05-10,6.247397296328484,0.3021903738352618,5.945206922493222,-0.6093555761385572,6.856753,0.2337850117600384,6.013612284568445,0.6632693420098583,5.5841279543186255,0.18739382437731944,6.060003471951164
2024-05-11,6.075783703109066,0.14230076781569512,5.9334829352933705,-0.7955589558875165,6.8713427,0.023882049749138545,6.051901653359927,0.5951588705578761,5.4806248325511895,0.1429183658896669,5.932865337219399
2024-05-12,5.9232890400446285,-0.04268387246554095,5.9659729125101695,-0.9480536189519535,6.8713427,-0.03236277577475555,5.955651815819384,0.5379160486636785,5.38537299138095,0.1360333564952203,5.787255683549408
2024-05-13,5.790396893263891,-0.1776942806890771,5.968091173952968,-1.118953501938746,6.9093504,-0.3209248997943792,6.11132179305827,-0.23886491668144405,6.029261809945335,0.07589797915838226,5.7144989141055085
2024-05-14,5.877835420306178,-0.04723554794328422,5.925070968249462,-1.0560806716127678,6.933916,-0.1662081580080681,6.044043578314246,-1.5720975089496365,7.449932929255814,-0.10776406675999883,5.985599487066176
2024-05-15,6.045717676011424,0.0598765428984791,5.985841133112945,-0.8807464047991225,6.926464,-0.13551442983385886,6.181232105845283,-0.06400911898761041,6.109726794999035,0.009268158987000064,6.036449517024424
2024-05-16,5.965051734492544,0.024519186493658474,5.9405325479988855,-0.8559383511092626,6.82099,0.05155808490003011,5.913493649592514,0.09413880118525864,5.870912933307285,-0.06189508585127346,6.0269468203438175
2024-05-17,5.834608274278463,-0.0794129984630656,5.914021272741529,-0.989505571546732,6.824114,-0.09017919113571438,5.924787465414178,0.3490719698177793,5.485536304460684,-0.07657972844116578,5.911188002719629
2024-05-18,5.709641549862199,-0.17224044149537043,5.881881991357569,-1.1134957334629965,6.8231373,-0.18315968587393794,5.892801235736137,0.21674772435443934,5.4928938255077595,-0.024133677758702454,5.733775227620901
2024-05-19,5.599267440455076,-0.39629984119224826,5.995567281647324,-1.2757463878225117,6.875014,-0.26626990768368053,5.865537348138757,0.2639983932108523,5.335269047244224,-0.13318645328355316,5.732453893738629
2024-05-20,5.510519410979704,-0.4766710521398192,5.987190463119523,-1.433790777313753,6.94431,-0.5053532885062735,6.0158726994859775,-0.21528115834235262,5.725800569322057,-0.33445293292608547,5.8449723439057895
2024-05-21,5.426626653239853,-0.38125556123507476,5.807882214474928,-1.4929166130565337,6.9195433,-0.6535229607582886,6.080149613998142,-1.8320095696074388,7.258636222847292,-0.3902484585491752,5.816875111789028
2024-05-22,5.403875997686162,-0.3384005595587851,5.7422765572449475,-1.488428422785029,6.8923044,-0.30507139517163573,5.708947392857798,-0.3909122949687518,5.794788292654914,-0.14792421955662238,5.551800217242785
2024-05-23,5.330955204193752,-0.35591814798385446,5.6868733521776065,-1.4817736776421855,6.812729,-0.19299523148640318,5.523950435680155,0.010137750968143067,5.320817453225609,-0.0718539129686846,5.402809117162437
2024-05-24,5.357863747471743,-0.5575186757381045,5.915382423209848,-1.4011179572401709,6.7589817,-0.6892308169687578,6.047094564440501,0.32423596124784826,5.033627786223895,-0.2691496645083511,5.627013411980094
2024-05-25,5.28991707642259,-0.5193503730300835,5.8092674494526735,-1.4535321346980155,6.743449,-0.34587404362687124,5.635791120049461,0.1959402330575033,5.093976843365087,-0.10788137260382857,5.397798449026419
2024-05-26,5.230415890906637,-0.416116081683068,5.646531972589705,-1.521145750786478,6.7515616,-0.4905214242902538,5.720937315196891,0.17428719812037308,5.056128692786264,-0.0914520672900192,5.321867958196656
2024-05-27,5.193093116206224,-0.49158615623415347,5.684679272440378,-1.5584685254868909,6.7515616,-0.5037232118907786,5.696816328097003,-0.15393348425769204,5.347026600463916,-0.15267237196229466,5.345765488168519
2024-05-28,5.369583399977218,-0.32443008134749185,5.69401348132471,-1.5225217025618445,6.892105,-0.4127265299744405,5.7823099299516585,-1.5186451993641867,6.888228599341405,-0.10809058528280513,5.477673985260023
2024-05-29,5.407508447174359,0.07199416523343594,5.335514281940923,-1.284064218993854,6.6915727,0.040439357790162944,5.367069089384196,-0.3572102277617786,5.764718674936137,0.06152839305202118,5.345980054122338
2024-05-30,5.437726326874304,0.0721017962988455,5.365624530575459,-1.2538463392939088,6.6915727,0.0871500518033228,5.350576275070981,0.2550628538874262,5.182663472986878,0.049011211842163505,5.388715115032141
2024-05-31,5.360026276103354,0.019113575091830093,5.340912701011524,-1.401363456257486,6.7613897,-0.2690100694581483,5.629036345561502,0.4059713543955805,4.954054921707773,-0.0635531403622327,5.423579416465587
2024-06-01,5.29181222107028,-0.01942215605912878,5.311234377129408,-1.3898083767690759,6.6816206,-0.3138853115257314,5.605697532596011,0.008359689937668335,5.283452531132611,-0.06605337118294585,5.3578655922532255
2024-06-02,5.232074300360616,-0.0867755244124302,5.3188498247730465,-1.4468736252070107,6.678948,-0.05100995131648833,5.283084251677105,-0.5114743883420099,5.743548688702626,-0.12579129189260918,5.3578655922532255
2024-06-03,5.184270623048458,-0.09932453314880618,5.283595156197264,-1.494677302519169,6.678948,-0.1873054537515495,5.371576076800007,-0.507821856503206,5.692092479551664,-0.1937021908969898,5.377972813945448
2024-06-04,5.688313274388123,0.3778862809264636,5.310426993461659,-1.0178734970046994,6.706187,0.18605914488862307,5.5022541294995,-0.7172887220427686,6.4056019964308915,0.1315731481897453,5.5567401261983775
2024-06-05,8.563758307720512,2.8522484821669405,5.711509825553572,1.7173713982356489,6.846387,2.8327691943212168,5.730989113399295,2.6117312569276363,5.952027050792876,0.7620779527399923,7.80168035498052
2024-06-06,10.847415336724032,1.5361558376857989,9.311259499038233,2.3099206773002035,8.537495,1.7524673484744184,9.094947988249613,2.8193981822922893,8.028017154431742,0.23134444861021208,10.61607088811382
2024-06-07,10.30607516547811,0.18531190074505943,10.12076326473305,0.8218384482539882,9.484237,0.41281634174952764,9.893258823728582,-2.030807848060716,12.336883013538825,0.17715683535652538,10.128918330121584
2024-06-08,9.749118257427476,-0.1693904670906914,9.918508724518167,0.40212099638011267,9.346997,-0.15736786451630635,9.906486121943782,-1.216769745921047,10.965888003348523,-0.04228831171112546,9.791406569138601
2024-06-09,9.24017728619678,-0.5223191844988619,9.762496470695641,-0.08338247485058403,9.32356,-0.21154820992108547,9.451725496117865,-1.8036997651274813,11.04387705132426,-0.031323019773855876,9.271500305970635
2024-06-10,8.870353671125798,-0.5008982632988594,9.371251934424658,-0.1992702760177565,9.069624,-0.20337236084679233,9.07372603197259,-1.0224570847318688,9.892810755857667,0.015152456699803807,8.855201214425994
2024-06-11,8.503269775118895,-0.6859760272912929,9.189245802410188,-0.4683641360139177,8.971634,-0.6754848584311972,9.178754633550092,-0.3781902120808933,8.881459987199788,0.05136005299049273,8.451909722128402
2024-06-12,8.167605771293829,-0.41350829579519655,8.581114067089025,-0.558867083320429,8.726473,-0.2866915247226558,8.454297296016485,-0.891086910004697,9.058692681298526,0.15947583002909127,8.008129941264738
2024-06-13,7.819400116727459,-0.4457460192401337,8.265146135967592,-0.8634068519615061,8.682807,-0.4801531008546016,8.29955321758206,0.11709400588181396,7.702306110845645,-0.0781339215742829,7.897534038301742
2024-06-14,7.53428795168069,-0.9324654759366515,8.466753427617341,-1.0251183288368884,8.559406,-1.1982192435287145,8.732507195209404,-0.7839140273159169,8.318201978996607,-0.3428985485032481,7.877186500183938
2024-06-15,7.229130012018348,-0.34856187108366665,7.577691883102014,-0.7744596181086054,8.00359,-0.5513472873999712,7.780477299418319,-1.4699610648995245,8.699091076917872,-0.10883728735187326,7.337967299370221
2024-06-16,6.95430388457032,-0.5143654728244318,7.468669357394751,-1.041061258251946,7.995365,-0.4471884264888262,7.401492311059146,-0.9334941961401952,7.887798080710515,-0.4192921804018672,7.373596064972187
2024-06-17,6.707437958005719,-0.9434446208897471,7.650882578895466,-1.166897330995746,7.8743353,-0.8073556737313474,7.514793631737066,-0.6161494601552873,7.323587418161006,-0.5928388828722451,7.300276840877964
2024-06-18,6.486266908539129,-0.6770763785357783,7.163343287074907,-1.2986947919003242,7.7849617,-0.9721024540374836,7.4583693625766125,-1.2833141428123929,7.769581051351522,-0.25322266016796924,6.739489568707098
2024-06-19,6.333476268923334,-1.0380303313393942,7.3715066002627285,-1.804536617124029,8.138013,-1.2635524718155615,7.597028740738896,-0.863950615122338,7.197426884045672,-0.46981865888174035,6.803294927805075
2024-06-20,6.308692471448263,-1.2024240596836533,7.511116531131917,-1.696146472033182,8.004839,-1.099990601809627,7.40868307325789,-0.9251571983703446,7.233849669818608,-0.3397254063090225,6.648417877757286
2024-06-21,6.138100435489082,-0.41860959466187,6.556710030150952,-1.2286221482816702,7.3667226,-0.715993080449917,6.854093515938999,-0.5665702354652922,6.704670670954374,-0.2516763981019663,6.389776833591048
2024-06-22,5.978620184482601,-0.4841098875327505,6.4627300720153515,-1.3301499952659341,7.30877,-0.7068889451561287,6.68550912963873,-0.1895853241466856,6.168205508629287,-0.45852528834961515,6.437145472832216
2024-06-23,5.83711937867924,-0.350952527849409,6.188071906528649,-1.2648903945751542,7.10201,-0.22169805395053643,6.058817432629777,-0.7687453118629888,6.605864690542229,-0.14187056443797985,5.97898994311722
2024-06-24,5.7214870286069885,-0.11499388413170042,5.836480912738689,-1.254623906604193,6.976111,-0.24812623168340853,5.969613260290397,-1.2354809177120574,6.956967946319046,-0.24314045925431582,5.964627487861304
2024-06-25,11.172277312650154,5.3709631165296905,5.8013141961204635,4.194958072080086,6.9773192,5.275108556714665,5.897168755935489,3.570169420498538,7.602107892151616,0.8025335153054947,10.36974379734466
2024-06-26,10.604002071603135,-0.508963017510105,11.11296508911324,0.8250551950772564,9.778947,-0.20010405669549947,10.804106128298635,0.9811614255549852,9.62284064604815,0.3907970036449271,10.213205067958208
2024-06-27,10.15075162891291,-0.5126996586235126,10.663451287536423,0.4211383247747271,9.729613,-0.24319019033172395,10.393941819244635,0.3895119158691074,9.761239713043803,0.37721070391041955,9.773540925002491
2024-06-28,9.628499742508692,-1.124627149685617,10.75312689219431,-0.17209840202255755,9.800598,-0.940535947159745,10.569035689668437,-1.6860330822701854,11.314532824778878,-0.01446586903728253,9.642965611545975
2024-06-29,9.130092666270858,-0.8398271152308769,9.969919781501735,-0.32117552983509867,9.451268,-1.1354037347266903,10.265496400997549,-0.6401562613005805,9.770248927571439,-0.2129259387403586,9.343018605011217
2024-06-30,8.675786272912342,-1.2686874638389956,9.944473736751338,-0.5956399279543572,9.271426,-1.0763606061807725,9.752146879093115,-1.472804170617044,10.148590443529386,-0.02013167287639206,8.695917945788734
2024-07-01,8.28813549006867,-0.5524059150014899,8.84054140507016,-0.5827474979074037,8.870883,-0.6760679193515493,8.96420340942022,-0.4596572719037937,8.747792761972464,0.06651273430813553,8.221622755760535
2024-07-02,7.998767656529489,-0.5127244243167084,8.511492080846198,-0.850053983485159,8.848822,-0.7471639232067506,8.74593157973624,-0.5132513479529273,8.512019004482417,-0.13711727588521683,8.135884932414706
2024-07-03,7.716929656640223,-0.895313356523828,8.61224301316405,-1.151965874060461,8.868896,-1.2517076538479488,8.968637310488171,0.7927968326980519,6.924132823942171,-0.34078732993683847,8.057716986577061
2024-07-04,7.601197116263657,-0.7598859536946811,8.361083069958338,-1.0456992460410302,8.646896,-1.130253358943074,8.731450475206731,-0.25648896519211917,7.8576860814557765,-0.28664778180852846,7.887844898072186
2024-07-05,7.834603235895019,-0.08736303146702884,7.9219662673620475,-0.582993581121583,8.417597,-0.5378984964598956,8.372501732354914,-0.9770326538901237,8.811635889785142,-0.12872807746644543,7.963331313361464
2024-07-06,7.500251095464234,-0.2669646174598288,7.767215712924063,-0.37093897564172273,7.87119,-0.27621895569023813,7.776470051154472,-0.8621603422250921,8.362411437689326,-0.2141629426930658,7.7144140381573
2024-07-07,7.198441619860364,-0.298817166527515,7.497258786387879,-0.621145133984851,7.8195868,-0.39707588670250527,7.595517506562869,0.012486225020226449,7.185955394840137,0.26519205296081605,6.933249566899548
2024-07-08,6.956554540219221,-0.383909468700657,7.340464008919878,-0.8391464866972829,7.795701,-0.5747084567042302,7.531262996923451,-0.7725950161906168,7.729149556409838,-0.2336302925853344,7.1901848328045554
2024-07-09,6.711574211809975,-0.42567880162927363,7.137253013439248,-1.0750516503116074,7.786626,-0.9369915648917182,7.648565776701693,-0.9080129097391669,7.6195871215491415,-0.17508438311461738,6.886658594924592
2024-07-10,6.589411494910403,-0.377255932601293,6.9666674275116955,-1.1264812968376443,7.715893,-0.5551420191338527,7.144553514044255,-0.9189937316713843,7.508405226581787,-0.14787758176144106,6.737289076671844
2024-07-11,6.834736336520182,-0.011845518462698656,6.8465818549828805,-0.7043976890535486,7.539134,-0.20972617843817254,7.044462514958354,0.12101099550500383,6.713725341015178,-0.06748865180718422,6.902224988327366
2024-07-12,7.310101941480718,0.5888193258286796,6.721282615652038,-0.15913967762938963,7.4692416,0.1792071773905084,7.130894764090209,0.6643336459114089,6.645768295569309,0.2693524378315191,7.040749503649199
2024-07-13,7.027157516411059,0.09497054679653338,6.932186969614525,-0.49636199958015226,7.5235195,0.23410240667821203,6.793055109732847,0.6020932723577745,6.425064244053284,0.07828587887543303,6.948871637535626
2024-07-14,6.772816241079599,-0.17372792510043755,6.946544166180036,-0.7507032749116123,7.5235195,-0.06818683198938924,6.841003073068988,0.41707253703518,6.355743704044419,-0.010847647589179665,6.783663888668778
2024-07-15,7.111671681198998,0.20055114717704825,6.91112053402195,-0.4194953491354747,7.531167,0.13254157984744275,6.979130101351555,0.34568717548628936,6.765984505712709,0.16589279813628632,6.945778883062712
2024-07-16,6.861964455842543,-0.07690959508374817,6.938874050926291,-0.6654250705246447,7.5273895,-0.6136116851886388,7.475576141031182,-0.33902538252895287,7.200989838371496,0.060364861554607074,6.801599594287936
2024-07-17,8.220473704608324,1.2926516321153843,6.92782207249294,0.68305486229265,7.537419,0.7446445643745472,7.475829140233777,1.0941989300695605,7.126274774538763,0.5627575221484573,7.6577161824598665
2024-07-18,7.856673841853768,0.2639314632433587,7.592742378610409,-0.00722014389452319,7.863894,0.058212945653404624,7.798460896200363,-0.06317677959728751,7.919850621451055,0.4714878716084847,7.385185970245283
2024-07-19,7.543751422800677,-0.17541698839696362,7.71916841119764,-0.4554060059407785,7.9991574,0.22054652750024406,7.3232048953004325,0.0009410054283938152,7.542810417372283,-0.04253303996289848,7.586284462763575
2024-07-20,7.237663977133076,-0.09575853077433738,7.333422507907414,-0.9637062621247363,8.20137,-0.29391913536782077,7.531583112500897,0.11396609703621507,7.123697880096861,0.004453065812967338,7.233210911320109
2024-07-21,6.961979756262143,-0.26707045344357816,7.229050209705721,-0.8141332770325347,7.776113,-0.024634629878143244,6.986614386140286,-0.03385733250413203,6.995837088766275,0.059754767934776964,6.902224988327366
2024-07-22,6.7143595738040105,-0.33837275543292566,7.052732329236936,-1.0147568660153254,7.7291164,-0.19202103510252666,6.906380608906537,-0.11819801896602211,6.832557592770033,-0.049579410876686936,6.763938984680697
2024-07-23,6.527939779310027,-0.333374658698224,6.861314438008251,-1.1405611209585276,7.668501,-0.007887078627991428,6.5358268579380185,-0.24076558802675585,6.768705367336783,-0.16002457168279793,6.687964350992825
2024-07-24,6.344486688995411,-0.754878806349268,7.099365495344679,-1.298482919311474,7.6429696,-0.45025148332036746,6.794738172315778,-0.18656242561588776,6.531049114611299,-0.533676895140136,6.878163584135547
2024-07-25,6.211062584207409,-0.5618677251976312,6.77293030940504,-1.1984465977689096,7.409509,-0.00300927711399801,6.214071861321407,-0.062017986084066834,6.273080570291476,-0.4029595204695182,6.614022104676927
2024-07-26,6.969192490700591,0.6510759367462562,6.318116553954335,-0.32326175200570795,7.2924542,0.8380780571933126,6.131114433507278,0.5358883571780391,6.433304133522552,0.1238646445139775,6.845327846186613
2024-07-27,6.72079503159946,0.3011451490647872,6.419649882534673,-0.571659211106839,7.2924542,0.5700120550093484,6.150782976590111,0.45669354055952116,6.264101491039939,0.4534141125814486,6.267380919018011
2024-07-28,6.498218706841874,-0.11403548105279526,6.61225418789467,-0.8771184170289752,7.375337,0.09865661071712761,6.399562096124747,0.2835185049681188,6.214700201873756,0.08201423599932145,6.416204470842553
2024-07-29,7.623228197921807,0.988493014466207,6.6347351834556,0.23968470655828167,7.3835435,0.9582603741703073,6.6649678237515,1.2452038573597637,6.378024340562043,0.9200892232352631,6.703138974686544
2024-07-30,7.309359662070889,-0.111353676126412,7.420713338197301,-0.31587446497378835,7.625234,-0.09625028525517187,7.405609947326061,-0.48527389326691495,7.794633555337804,0.2450216779128951,7.064337984157994
2024-07-31,7.32282029040592,-0.17647042529461654,7.499290715700536,-0.37652434460384576,7.6993446,-0.02032507325384092,7.343145363659761,-0.03189807623429175,7.354718366640212,0.3467342140054912,6.976086076400429
2024-08-01,7.070370312876505,0.10261471148368617,6.967755601392819,-0.5733360088398038,7.6437063,-0.05312167220602948,7.123491985082534,0.1419771791067399,6.928393133769765,0.03219483303470039,7.038175479841804
2024-08-02,6.857749253550685,-0.03491007054340134,6.892659324094087,-0.8453805148208966,7.70313,0.16937547711154366,6.688373776439142,-0.3527180502885461,7.2104673038392315,0.04116906822023214,6.816580185330453
2024-08-03,6.6208645878308285,-0.19016518074901612,6.811029768579845,-1.015958589506818,7.636823,-0.0977685035916167,6.718633091422445,0.054720686905024074,6.5661439009258045,-0.1352736001627859,6.756138187993614
2024-08-04,6.408845359314932,-0.2264359907076159,6.635281350022548,-1.1004472432241306,7.5092926,0.1609998443378915,6.24784551497704,-0.05508341530945682,6.463928774624389,0.008147864443358799,6.400697494871573
2024-08-05,13.241329662085729,6.706840894117215,6.534488767968514,5.741464130164342,7.4998655,7.057018619730966,6.1843110423547625,6.9536874662190655,6.287642195866663,0.8500775994014926,12.391252062684236
2024-08-06,13.985335005067842,1.3812126296828602,12.604122375384982,3.1707416899433305,10.814593,1.4148995474199744,12.570435457647868,3.011796947410131,10.973538057657711,0.3770706832561057,13.608264321811737
2024-08-07,13.139392698822917,-0.02651451999267529,13.165907218815592,2.08770831924528,11.051684,0.5256265231404065,12.61376617568251,3.562118568428131,9.577274130394786,0.13097031347066412,13.008422385352253
2024-08-08,12.360844851084538,-0.83088143404348,13.191726285128018,1.4009716516216475,10.959873,-0.33720979212211155,12.69805464320665,3.9256616737076193,8.435183177376919,-0.17143957391049547,12.532284424995034
2024-08-09,11.637025133626532,-1.1005475219078473,12.737572655534379,0.812410608785223,10.824615,-1.0199811598115502,12.657006293438082,3.0750078530852925,8.56201728054124,-0.023017060481077323,11.660042194107609
2024-08-10,10.968786469502618,-0.7113695652051231,11.68015603470774,0.43354534248845766,10.535241,-0.07678325868987201,11.04556972819249,1.8744513097606639,9.094335159741954,0.05667650359460552,10.912109965908012
2024-08-11,10.355875539950338,-1.7885321340460347,12.144407673996373,-0.5095829485140175,10.8654585,-1.5105150131216885,11.866390553072026,2.2493743826627384,8.1065011572876,0.05257809610869657,10.303297443841641
2024-08-12,9.794671884056545,-1.9313603665254782,11.726032250582023,-0.879446157935643,10.674118,-1.8715484572398875,11.666220341296432,0.7361452373329982,9.058526646723546,-0.2032368871987682,9.997908771255313
2024-08-13,9.285705765850205,-1.1831101155246007,10.468815881374805,-0.45569590651307657,9.741402,-0.435905167901117,9.721610933751322,0.35152839010343584,8.934177375746769,0.13054731244394624,9.155158453406258
2024-08-14,8.81752628599162,-0.5074030952459125,9.324929381237533,-0.5869374820137505,9.404464,-0.84593843420563,9.66346472019725,-0.0110555979189364,8.828581883910557,-0.09301812165286805,8.910544407644489
2024-08-15,8.589506344639267,-0.23080689627848017,8.820313240917747,-0.44183616176942486,9.0313425,-0.8384987876457277,9.428005132284994,1.0163627455507038,7.573143599088563,-0.11792484429413541,8.707431188933402
2024-08-16,8.206091996708528,-0.6464901309730013,8.85258212768153,-0.5902680191606127,8.79636,-0.7487212088515758,8.954813205560104,-1.0221675010828566,9.228259497791385,-0.00990852524493313,8.216000521953461
2024-08-17,7.836426090953965,-0.29964856281770036,8.136074653771665,-0.8434874298590236,8.6799135,-0.3635987908177496,8.200024881771714,0.7151755316058157,7.121250559348149,0.08159410730699523,7.7548319836469695
2024-08-18,7.501898589551952,-0.9543083414119229,8.456206930963875,-1.007803139268849,8.509702,-0.583218749348247,8.085117338900199,0.30924672928038177,7.19265186027157,-0.15156745852465736,7.653466048076609
2024-08-19,7.21089367791182,-0.33537367900390347,7.546267356915723,-0.9129504688166961,8.123844,-0.7479935173303511,7.958887195242171,-0.27503973515989966,7.485933413071719,-0.11241445546580309,7.323308133377623
2024-08-20,6.93790319854837,-0.4960543686248897,7.43395756717326,-1.115878310851044,8.0537815,-0.6819715553336865,7.619874753882057,-0.5653227491715729,7.503225947719943,-0.31984402271744816,7.257747221265818
2024-08-21,6.69272666154258,-0.8064301400664435,7.499156801609024,-1.1660956841910624,7.8588223,-0.49776436723879325,7.1904910287813735,-0.18278681749580006,6.87551347903838,-0.53680174675993,7.22952840830251
2024-08-22,6.505753742343664,-0.5987522110000603,7.1045059533437245,-1.2862141264612674,7.791968,-0.7082153050725246,7.213969047416189,-0.46441328341118027,6.9701670257548445,-0.08844777807057813,6.594201520414242
2024-08-23,6.353875722157549,-0.9555305409920161,7.309406263149565,-1.9163679225568062,8.270244,-1.3215777249063905,7.67545344706394,-1.3882891967437345,7.742164918901284,-0.41130854220426105,6.76518426436181
2024-08-24,6.170581155511592,-1.215412694236523,7.3859938497481155,-1.846091932562138,8.016673,-0.6633804302974422,6.833961585809035,0.2932296295497858,5.8773515259618065,-0.3226887137933252,6.493269869304918
2024-08-25,6.00747957241926,-0.6119584018149036,6.619437974234163,-1.3903509138783479,7.3978305,-0.37897401732379254,6.386453589743052,-0.39276897218835316,6.400248544607613,-0.30660558011580896,6.3140851525350685
2024-08-26,5.891844448508226,-0.3709158652488691,6.262760313757095,-1.418010058938063,7.3098545,-0.3292240964269073,6.221068544935133,-1.1216015997608046,7.013446048269031,-0.31909300296761156,6.2109374514758375
2024-08-27,6.006946798865317,-0.013653594507862188,6.020600393373179,-1.0847899946527493,7.091737,0.16903915554799465,5.8379076433173225,-0.7094956796629202,6.716442478528237,-0.19076154557075764,6.197708344436075
2024-08-28,5.978086111150001,0.11771928538124676,5.860366825768755,-1.013787629999901,6.9918737,0.05583074376176267,5.922255367388239,-0.009181364158031613,5.987267475308033,0.07516712566074801,5.902918985489253
2024-08-29,5.84737077624971,0.019012926282215403,5.828357849967494,-1.040229645655808,6.8876004,-0.05768204435665769,5.905052820606367,-0.2676565103582824,6.115027286607992,-0.12800119975401092,5.9753719760037205
2024-08-30,5.722803228871775,-0.0636403866371067,5.786443615508881,-1.1610349478555202,6.883838,-0.1339259143647853,5.85672914323656,-0.4002713197058414,6.123074548577616,-0.00038188186957555104,5.72318511074135
2024-08-31,5.610881040387762,-0.22508014400693543,5.835961184394697,-1.2623169919913888,6.873198,-0.20399489929779868,5.81487593968556,0.31427316643279024,5.296607873954971,0.08304456489699241,5.527836475490769
2024-09-01,5.512210017730516,-0.33693465025545244,5.849144667985969,-1.425827854583937,6.938038,-0.29820133042524155,5.810411348155758,0.3607615184447255,5.151448499285791,-0.022415031467287072,5.534625049197803
2024-09-02,5.5011617306378415,-0.3558120946984298,5.856973825336271,-1.4268291827532718,6.927991,-0.42683973145267284,5.928001462090514,-0.37765664484129946,5.878818375479141,-0.17923993133593807,5.68040166197378
2024-09-03,5.788472960532074,-0.04022907059947567,5.82870203113155,-1.1044775742884827,6.8929505,-0.26663716640512547,6.055110126937199,0.1148491614963989,5.673623799035675,-0.06172394309933171,5.850196903631406
2024-09-04,5.81816587454904,0.15533689975108445,5.662828974797955,-0.9951418875969562,6.813308,0.09650890638476728,5.721656968164273,0.16895792865218962,5.64920794589685,0.08258526259245524,5.735580611956585
2024-09-05,5.961071693578104,0.20400341551630774,5.757068278061796,-0.9215324285837614,6.882604,0.05155180033010609,5.909519893247998,0.3104491171093615,5.650622576468742,0.30863926328742064,5.652432430290683
2024-09-06,5.82552658892355,0.07869833189138475,5.746828257032165,-1.0539466204575536,6.879473,-0.012119362641037412,5.837645951564587,0.33162356780284963,5.4939030211207,-0.04404597332887672,5.869572562252427
2024-09-07,5.701612494115418,-0.08712039775021463,5.7887328918656324,-1.1811909459785763,6.8828034,-0.45903424564638495,6.160646739761803,0.25384504105596495,5.447767453059453,-0.14709683142294505,5.848709325538363
2024-09-08,5.59218408154719,-0.1377302423832294,5.729914323930419,-1.1733932347369898,6.7655773,-0.2866029806755179,5.878787062222708,0.21885723722735229,5.373326844319838,0.03968798321116651,5.552496098336023
2024-09-09,6.125216866280851,0.34720197219331794,5.778014894087533,-0.6794396393038662,6.8046565,0.36906230504293625,5.756154561237914,0.5511275093905637,5.574089356890287,0.198324516376565,5.926892349904286
2024-09-10,6.102619676683483,0.033851974482612235,6.068767702200871,-0.8606328677195929,6.9632525,-0.04185318418553763,6.144472860869021,0.27993277496498514,5.822686901718498,-0.11561932704367806,6.218239003727161
2024-09-11,6.011120864328329,-0.0804590313168525,6.091579895645181,-0.9394058499966222,6.9505267,0.015819607281754244,5.995301257046575,-0.04534398664120598,6.056464850969535,0.020238331085769445,5.9908825332425595
2024-09-12,6.175781659633252,0.007345094272565689,6.168436565360686,-0.7714148239788088,6.9471965,0.1127578965498337,6.063023763083418,-0.2969760833480848,6.4727577429813365,-0.03831232024858533,6.214093979881837
2024-09-13,6.81347949099991,0.6123366355964421,6.201142855403468,-0.14117281841781448,6.9546523,0.7135447066404046,6.0999347843595055,0.8967949206997954,5.916684570300115,0.6802199738451113,6.133259517154799
2024-09-14,6.581200205520162,-0.32646454860901297,6.907664754129175,-0.7258543141331586,7.3070545,-0.08948821511507177,6.6706884206352335,0.0785150070646834,6.502685198455478,0.1128810347104725,6.468319170809689
2024-09-15,6.373399685672202,-0.6747805482319276,7.048180233904129,-1.0102935325589995,7.383693,-0.17021894119884884,6.543618626871051,0.02849909496743397,6.344900590704768,0.05183348227306883,6.321566203399133
2024-09-16,6.187977716902114,-0.8358216828678291,7.023799399769943,-1.1957155013290874,7.383693,-0.6037497017510773,6.791727418653191,-0.29130632723743055,6.479284044139544,-0.27439947617418703,6.462377193076301
2024-09-17,6.022942019135368,-0.714337685314252,6.73727970444962,-1.277748631804573,7.3006907,-0.780717733234388,6.803659752369756,-1.0617971507936002,7.084739169928969,-0.3339798054194487,6.356921824554817
2024-09-18,6.186532735288111,-0.22587607161579104,6.412408806903902,-1.1096293931603753,7.296162,-0.31487352757613696,6.501406262864248,-0.29425911713544384,6.480791852423555,-0.05775497157210463,6.244287706860216
2024-09-19,7.2245850351018515,0.35522561253125584,6.869359422570596,-0.05810739730171299,7.2826924,0.536613025256087,6.6879720098457645,0.43663143085815914,6.787953604243692,0.6474539773146715,6.57713105778718
2024-09-20,7.16176158661886,-0.30817009645282045,7.469931683071681,-0.3524314713950556,7.514193,0.005585306195081685,7.156176280423779,0.4382938915687742,6.723467695050086,0.1579137802063002,7.00384780641256
2024-09-21,6.893730228101411,-0.6285583311155474,7.522288559216959,-0.7306823085196825,7.6244125,0.23287310398009087,6.66085712412132,-0.01325210974324964,6.906982337844661,-0.10757758429501685,7.001307812396428
2024-09-22,6.653116018543852,-0.5272165176426009,7.1803325361864525,-0.9210073640245078,7.5741234,0.05797550112179817,6.595140517422053,-0.16960735707990704,6.822723375623759,-0.29575561899177405,6.948871637535626
2024-09-23,6.4430173527569785,-0.642854561427213,7.0858719141841915,-1.052737366023539,7.4957547,-0.019456776815885313,6.462474129572864,-0.8390425061001059,7.282059858857084,-0.2783738646347649,6.721391217391743
2024-09-24,6.694078878268535,-0.28716614322292333,6.981245021491459,-0.7981110059172556,7.49219,0.3203268324283677,6.373752045840168,-0.7966039634414299,7.490682841709965,-0.0879540247275834,6.782032902996119
2024-09-25,6.810806369757252,0.4103805389626922,6.40042583079456,-0.49711694719831456,7.3079233,0.4992931552816655,6.311513214475586,0.11408263721333256,6.696723732543919,0.23019523567845646,6.580611134078795
2024-09-26,7.004940720303508,0.49525697012710523,6.509683750176403,-0.37289073874190226,7.3778315,0.19217146015066788,6.81276926015284,-0.04197031697853504,7.046911037282043,0.21322013595887856,6.791720584344629
2024-09-27,7.289101068004348,-0.28701687499498796,7.576117942999336,-0.08565049983622774,7.3747516,0.6840237427941407,6.605077325210208,0.7628169296100893,6.526284138394259,0.46369081094199416,6.825410257062354
2024-09-28,7.008257199910262,0.19913988182856812,6.809117318081694,-0.49160833201112464,7.4998655,0.3828596965051032,6.625397503405159,0.1740679962865208,6.834189203623741,0.16034786695845327,6.847909332951809
2024-09-29,6.755850722510694,-0.12651806133009824,6.882368783840792,-0.7750850418020505,7.530936,0.09316646652567773,6.662684255985016,0.2190465440173126,6.536804178493381,0.005480157655782136,6.7503705648549115
2024-09-30,6.993288279257331,0.23869723134476484,6.754591047912566,-0.5160043232817317,7.5092926,0.045009389486044604,6.948278889771286,-0.02286726891109314,7.016155548168424,0.14537894630552195,6.847909332951809
2024-10-01,8.676017116916448,2.009934074195283,6.666083042721165,1.1667245143773854,7.5092926,2.1387532374153997,6.537263879501048,1.6584302009525338,7.017586915963914,0.9972646952796627,7.678752421636785
2024-10-02,9.766449445318475,1.2663684295751825,8.500081015743293,1.488786214422479,8.277663,1.9397759919427147,7.8266734533757605,1.6028406804158237,8.163608764902651,0.9476604321896076,8.818789013128868
2024-10-03,9.699800890255432,0.1190988306964158,9.580702059559016,0.7450346167568966,8.954766,0.6294064392807766,9.070394450974655,-2.7656162402923616,12.465417130547793,0.3786168419347433,9.321184048320688
2024-10-04,9.200931087807664,-0.023806176432321635,9.224737264239986,0.261844173745164,8.939087,0.0009866326035155026,9.199944455204148,-1.0568583895405244,10.257789477348188,0.37024060968797734,8.830690478119687
2024-10-05,8.740297145732223,-0.34312484111839936,9.083421986850622,-0.16384237300557025,8.9041395,-0.1542453582281489,8.894542503960372,-0.658603831882175,9.398900977614398,0.08841801951860795,8.651879126213615
2024-10-06,8.32119595927466,-0.6574760525714609,8.97867201184612,-0.47545397358666897,8.79665,-0.2794503852953891,8.600646344570048,-0.17018800456309258,8.491383963837752,0.07709295326351828,8.24410300601114
2024-10-07,8.00971841892767,-0.5225414564623012,8.532259875389972,-0.7546715728325832,8.76439,-0.4226820837154488,8.43240050264312,-0.0522891372806118,8.062007556208282,-0.18509952454785505,8.194817943475526
2024-10-08,8.780585093161326,0.11177892307189197,8.668806170089434,0.08055285896943154,8.700032,0.791034599030283,7.989550494131043,1.4444131279354862,7.33617196522584,0.3228250731750375,8.457760019986289
2024-10-09,9.209766926853606,1.2123862973840467,7.997380629469559,0.8350740099834884,8.374693,1.09074238518782,8.119024541665786,1.0256869382711926,8.184079988582413,0.8033564464321863,8.40641048042142
2024-10-10,8.777760221848885,0.4927719426464954,8.28498827920239,0.09114999998609186,8.68661,0.007271907347991657,8.770488314500893,-2.073734988071168,10.851495209920053,0.1217016182115156,8.65605860363737
2024-10-11,8.410016866975266,-0.03959271057869174,8.449609577553957,-0.1588174378343048,8.568834,0.022183903719291465,8.387832963255974,-1.5617730355414707,9.971789902516736,0.30527182511347206,8.104745041861793
2024-10-12,8.021304546695934,-0.1612762705965487,8.182580817292482,-0.4535070072591445,8.474812,-0.4149407515675563,8.43624529826349,-0.8805803262202048,8.901884872916138,0.11834439088449855,7.902960155811435
2024-10-13,7.669100401766043,-0.4490933281437286,8.118193729909772,-0.7240966578653047,8.393197,-0.47563897484899975,8.144739376615043,0.26876206113770795,7.400338340628335,-0.22203058900928863,7.8911309907753315
2024-10-14,7.5023918885592895,-0.3161266827300828,7.818518571289372,-0.8575085859890503,8.3599,-0.29492230817793263,7.797314196737222,0.18394404471381076,7.318447843845479,-0.1317444299297703,7.63413631848906
2024-10-15,7.532266061203609,0.1504321480032127,7.3818339132003965,-0.4477330041955607,7.979999,0.10310271194213616,7.429163349261473,0.4479934144783142,7.084272646725295,-0.02847219600552009,7.560738257209129
2024-10-16,7.9785002568157,0.4644919177388811,7.514008339076819,0.01032818345144193,7.968172,0.4613286573732305,7.517171599442469,-0.06180351128342387,8.040303768099124,0.15986655607148226,7.8186337007442175
2024-10-17,11.495329550693404,3.9393715117602257,7.555958038933178,3.674273661563765,7.821056,3.7816537430354655,7.713675807657938,3.770857382968085,7.7244721677253185,1.1740076502687913,10.321321900424612
2024-10-18,10.901384677876464,-0.9585585862251005,11.859943264101565,0.5465644264116207,10.35482,-0.6140552952426646,11.515439973119129,-1.6175848617162636,12.518969539592728,-0.01622366908283368,10.917608346959298
2024-10-19,10.29411207591082,-0.4325082993691023,10.726620375279921,0.1727875367262488,10.121325,-0.670237438566673,10.964349514477492,-0.6041752237793467,10.898287299690166,0.09349858038042846,10.20061349553039
2024-10-20,9.738176406710782,-0.7592736554367914,10.497450062147573,-0.3536910401886324,10.091867,-0.5811056946754292,10.31928210138621,-0.3998485595541883,10.13802496626497,-0.01666272850461148,9.754839135215393
2024-10-21,9.234374827169514,-0.9797805880682908,10.214155415237805,-0.6322995960482594,9.866674,-1.3715757854753239,10.605950612644838,-1.3429220071196166,10.57729683428913,-0.329214796132554,9.563589623302068
2024-10-22,8.771753485433686,-2.1796663418039,10.951419827237586,-1.03106672025479,9.80282,-2.758551069788359,11.530304555222045,-1.4487046630069464,10.220458148440633,-0.38658814343072123,9.158341628864408
2024-10-23,8.472059380800987,-0.9928456158671981,9.464904996668185,-0.7603787066623919,9.232438,-1.8444947690084383,10.316554149809425,-1.1496124127237035,9.62167179352469,-0.5961429026564034,9.06820228345739
2024-10-24,8.100642538307751,-0.7185213045904213,8.819163842898172,-0.8046556947244756,8.905298,-1.3771573008504667,9.477799839158218,-2.7643598949781154,10.865002433285866,-0.1237588889420902,8.224401427249841
2024-10-25,7.840098514428761,-0.5525785322353114,8.392677046664073,-1.123595104345653,8.963694,-1.7047543965198697,9.54485291094863,-0.30186403635819925,8.14196255078696,-0.331398029721659,8.17149654415042
2024-10-26,7.5052177873382915,-0.7806428450978791,8.28586063243617,-1.1168401273955952,8.622058,-1.3405651710313178,8.84578295836961,0.01533018733424285,7.489887600004049,-0.32710142896688765,7.832319216305179
2024-10-27,7.202919176371727,-0.3424083192861058,7.5453274956578325,-0.9289100854080585,8.131829,-0.754180974690497,7.957100151062224,0.6861743527275692,6.516744823644157,-0.13768314922663993,7.340602325598367
2024-10-28,6.967382253024704,-0.5572223352996577,7.524604588324362,-1.076765238430374,8.0441475,-0.6759221698420372,7.643304422866741,0.28899810267301884,6.678384150351685,-0.26024683526751957,7.227629088292224
2024-10-29,6.861831038532435,-0.6246303457190177,7.486461384251452,-0.9397894448660029,7.8016205,-0.6051480796241329,7.4669791181565675,-0.16945459642398042,7.031285634956415,-0.25602755089537954,7.117858589427814
2024-10-30,6.813376174477722,-0.272390358303797,7.085766532781519,-0.9715855259617312,7.7849617,-0.6982736670601284,7.51164984153785,-0.644296832714307,7.457673007192029,-0.07328242044687006,6.886658594924592
2024-10-31,6.58126765179762,-0.6119567177018572,7.193224369499477,-1.5819384486662473,8.163206,-0.7900438348247958,7.371311486622416,0.17812431534873419,6.403143336448886,-0.37373564095514844,6.955003292752768
2024-11-01,7.076587952965315,-0.13802618152225143,7.214614134487566,-0.7443391901316092,7.820927,-0.5990027976287822,7.675590750594097,0.28467303171795777,6.791914921247357,-0.020110465914696896,7.0966984188800115
2024-11-02,6.817201291165865,0.04765170520386253,6.769549585962002,-0.6226275815147995,7.439829,-0.5907510795285296,7.407952370694394,0.5467849231201098,6.270416368045755,0.09262766113272303,6.724573630033142
2024-11-03,6.584534110754537,-0.3602881509832576,6.944822261737794,-0.8416390993895062,7.426173,-0.6212908449853725,7.205824955739909,0.3713941296677641,6.213139981086773,-0.0934554344767049,6.677989545231242
2024-11-04,6.520063520073315,-0.17653308643146115,6.696596606504776,-0.8875521415477792,7.4076157,-0.5296262649346977,7.049689785008012,-0.37087708281226206,6.890940602885577,-0.055139613218649686,6.575203133291964
2024-11-05,6.3814084324355775,-0.2498872675548185,6.631295699990396,-1.0093386378769225,7.390747,-0.7446813283722475,7.126089760807825,0.38223515432756194,5.999173278108016,-0.18031119694227105,6.561719629377849
2024-11-06,6.1951150698929744,-0.17584284987584198,6.370957919768816,-1.108089943382172,7.303205,-0.5674958418698397,6.762610911762814,0.06030673517826912,6.134808334714705,-0.332055750563204,6.5271708204561785
2024-11-07,8.614869874743025,2.247333092682676,6.367536782060349,1.3188975274835038,7.2959723,1.7771083424259366,6.837761532317089,2.5121978708605184,6.102672003882507,0.9907354898868412,7.624134384856184
2024-11-08,9.719971125430416,0.9940722623445097,8.725898863085906,1.3223499706452593,8.397621,1.1664153396688928,8.553555785761523,1.3675625478344902,8.352408577595925,0.4639529807326621,9.256018144697753
2024-11-09,9.213570974216797,-0.46340656518452583,9.676977539401323,0.2979024866679687,8.9156685,-0.0035127373897125835,9.21708371160651,0.7017174461794724,8.511853528037324,0.16020403398870364,9.053366940228093
2024-11-10,8.751810154494322,-0.3479791734669764,9.099789327961298,-0.07141963523956463,8.82323,-0.23424078864511344,8.986050943139436,0.44331800518646247,8.30849214930786,0.23585066213201245,8.51595949236231
2024-11-11,8.352657908512615,-0.6364883752340944,8.98914628374671,-0.4354337510332833,8.788092,-0.29556246370736083,8.648220372219976,-0.4589739681951581,8.811631876707773,0.05937113112056558,8.29328677739205
2024-11-12,8.01526919512212,-0.9761620853191779,8.991431280441297,-0.7894698032909666,8.804739,-0.5626990370911198,8.57796823221324,-0.8239348960119717,8.839204091134091,-0.15921229984422425,8.174481494966344
2024-11-13,7.7189085891520675,-1.1219233250107434,8.840831914162811,-0.9678628036701982,8.686771,-0.5440531516635785,8.262961740815646,0.166461311918515,7.5524472772335525,-0.3282842012014564,8.047192790353524
2024-11-14,7.817835537600709,-0.00326352097943694,7.821099058580146,-0.5654166062591539,8.383252,0.15786299816649585,7.6599725394342135,-0.5235269541165728,8.341362491717282,-0.006372821446804622,7.824208359047514
2024-11-15,8.204588445745662,0.287276634190615,7.917311811555047,-0.00028177825336150875,8.20487,0.25906564953832323,7.945522796207339,-0.032883028575518836,8.23747147432118,0.15971686676381402,8.044871578981848
2024-11-16,7.835063824312281,0.40032424227365304,7.434739582038628,-0.137321105344701,7.972385,0.43874984167624653,7.396313982636035,-0.3082864763646649,8.143350300676946,0.4619335578910162,7.373130266421265
2024-11-17,7.50066737232652,-0.13721095791652882,7.637878330243049,-0.4169709295228454,7.9176383,-0.17353326631421684,7.674200638640737,-0.9931494028755061,8.493816775202026,0.2549903012470276,7.245677071079492
2024-11-18,7.198816893568348,-0.3049349841307416,7.50375187769909,-0.6890920419785269,7.887909,-0.2754990546761835,7.474315948244532,-0.25003852837200924,7.448855421940357,0.044615126929743454,7.154201766638605
2024-11-19,7.926626033255282,0.6753932296825909,7.251232803572691,0.09468633598965681,7.8319397,0.6483553626779228,7.278270670577359,0.49502289385436793,7.431603139400914,0.5858519766762313,7.3407740565790505
2024-11-20,7.6031574362974,0.27357929985607843,7.329578136441322,-0.2034178620119258,7.8065753,0.2285730732922291,7.374584363005171,0.2776738578017319,7.3254835784956684,0.005724116623978759,7.597433319673422
2024-11-21,8.178183487050626,0.6704961294337659,7.50768735761686,0.41719906627425907,7.7609844,0.5550751439051833,7.623108343145443,0.2179312383155052,7.960252248735121,0.6008467274257248,7.5773367596249015
2024-11-22,7.866119743259005,0.2843520188958708,7.581767724363134,-0.050761818020292004,7.9168816,0.20432576100412447,7.66179398225488,-0.748830331078195,8.6149500743372,0.19004420848196357,7.676075534777041
2024-11-23,7.528738688605425,-0.23469935700691913,7.763438045612344,-0.2759559639519482,7.8046947,0.11108714860549451,7.41765153999993,-0.6291243346149491,8.157863023220374,0.10377780505998757,7.424960883545437
2024-11-24,7.224126099932441,-0.4255457016375708,7.649671801570012,-0.588958502423516,7.8130846,-0.11081192777913351,7.3349380277115745,-0.4834925857572143,7.707618685689655,0.22131843907847415,7.002807660853967
2024-11-25,8.454997453444957,1.0392214238594768,7.41577602958548,0.6081990334925642,7.8467984,1.234226429530418,7.220771023914539,0.5326138339722108,7.922383619472746,0.7582148829868958,7.696782570458061
2024-11-26,8.524278803877213,0.5054164040146656,8.018862399862547,0.5176021299880524,8.006677,0.8498095217505535,7.674469282126659,0.3051805040051825,8.21909829987203,0.4946334164256285,8.029645387451584
2024-11-27,8.481589850477057,0.34072168408598635,8.140868166391071,0.1968980398691471,8.284692,0.414416193467412,8.067173657009645,0.1979593818511507,8.283630468625907,0.38453314727483523,8.097056703202222
2024-11-28,8.087763386897567,0.15398982225696933,7.933773564640598,0.01247652166319213,8.075287,-0.32148741047636875,8.409250797373936,-2.0075257975758323,10.0952891844734,0.036460676025670935,8.051302710871896
2024-11-29,7.811056700320835,-0.3018832339604387,8.112939934281274,-0.5605987638515284,8.371655,-0.13320282937789507,7.94425952969873,-1.5963961698983873,9.407452870219222,-0.059646073069760774,7.870702773390596
2024-11-30,7.478971691760484,-0.4955943945318477,7.974566086292332,-0.5161092561154925,7.995081,-0.1980636784281069,7.677035370188591,-0.8520877639866873,8.331059455747171,-0.28204426245284786,7.761015954213332
2024-12-01,7.179259920133781,-0.5626018888001454,7.741861808933926,-0.7661336421831137,7.9453936,-0.2201841899781618,7.399444110111943,0.34548849971513107,6.83377142041865,-0.1705298656122194,7.349789785746
2024-12-02,8.079216676314612,0.7047913125520493,7.374425363762563,0.183091359694739,7.8961253,0.9279799918124301,7.151236684502182,2.032055007435127,6.047161668879485,0.6307199190415291,7.448496757273083
2024-12-03,7.733961840007652,0.4612464416952555,7.272715398312396,0.043916960094321666,7.690045,0.7896961442452355,6.944265695762416,1.3878690113078793,6.346092828699772,0.3497171373038448,7.384244702703807
2024-12-04,7.4119953970702195,-0.20958275523642378,7.621578152306643,-0.34784890606088403,7.7598443,0.18452332175443065,7.227472075315789,0.20245589318617974,7.20953950388404,0.027462067536587753,7.384533329533632
2024-12-05,8.162756078017882,0.46901783139061237,7.6937382466272695,0.3915859387051377,7.77117,0.6314942981744833,7.5312617798433985,1.0368765499146049,7.125879528103277,0.476099085967145,7.686656992050737
2024-12-06,8.455055474513614,1.0733114761927185,7.3817439983208955,0.6064426891742585,7.848613,1.289481986849327,7.165573487664287,-0.08660867829579821,8.541664152809412,0.7000231985294851,7.755032275984129
2024-12-07,8.062166694842741,-0.0828221272219487,8.14498882206469,-0.08862828806741518,8.150795,0.07452958749557492,7.987637107347166,0.6201905488304282,7.441976146012313,-0.011632817207576807,8.073799512050318
2024-12-08,7.706083940817201,-0.9510209329699473,8.657104873787148,-0.3161957985626822,8.02228,-0.10591531929710118,7.811999260114302,0.5195508260222965,7.186533114794904,-0.003454104874957231,7.709538045692158
2024-12-09,7.421754925673399,-1.200480985436581,8.62223591110998,-0.5108222075053117,7.932577,-0.32310163830188365,7.744856563975283,0.7155582327510688,6.7061966929223304,-0.08057779075776672,7.502332716431166
2024-12-10,7.964907523489569,0.05643548681620114,7.908472036673368,0.04529606947955944,7.9196115,0.31141162145062307,7.653495902038946,1.2334864333364095,6.73142109015316,0.11360011515158597,7.851307408337983
2024-12-11,7.619954774422927,-0.2878081810288595,7.907762955451786,-0.2764814400240949,7.896436,0.13978727082114517,7.480167503601781,0.3892569576955651,7.2306978167273614,-0.1938490281308427,7.813803802553769
2024-12-12,7.327247309985414,-0.6426550483458691,7.969902358331283,-0.4386213538024277,7.7658687,-0.8066816849510721,8.133928994936486,0.4121423576149219,6.915104952370492,-0.04154126392914215,7.368788573914556
2024-12-13,7.090925747020587,-0.6122117848258535,7.703137531846441,-0.7182783545419129,7.809204,-0.4425264650236098,7.533452212044197,-0.11756215864311148,7.208487905663699,-0.5038308028400129,7.5947565498606
2024-12-14,6.830079564942285,-0.2673868878776249,7.09746645281991,-0.8497781659231931,7.6798577,-0.05072533484410435,6.88080489978639,0.3223689608743321,6.507710604067953,-0.07119271850274167,6.901272283445027
2024-12-15,6.596071199824072,-0.25745345113515405,6.853524650959226,-1.0762072044117676,7.6722784,-0.020391022919193702,6.616462222743266,0.06485915915759666,6.5312120406664755,-0.12299047025710763,6.71906167008118
2024-12-16,6.38669522106463,-0.3866236311033626,6.773318852167993,-1.2643315047044128,7.6510267,-0.23694720627782484,6.623642427342455,0.11890428510935536,6.267790935955275,-0.25053104147517136,6.6372262625398015
2024-12-17,6.37077224480491,-0.4662615936261245,6.837033838431035,-1.1389409281076874,7.509713,-0.6847348130975561,7.055507057902466,0.1509127525975913,6.219859492207319,-0.2646035332729797,6.63537577807789
2024-12-18,6.2057476792552055,-0.17569413585264382,6.381441815107849,-1.0867065634510933,7.2924542,-0.021558864669423805,6.227306543924629,0.24546474337933155,5.960282935875874,-0.08536555488675646,6.291113234141962
2024-12-19,6.165562156852598,-0.16612288129462272,6.331685038147221,-1.1268920858537008,7.2924542,-0.05604935047998438,6.221611507332582,0.023131515255397694,6.1424306415972,-0.18969405178978427,6.355256208642382
2024-12-20,6.021460764937489,-0.3915874863376754,6.413048251275164,-1.222472435898693,7.243933,-0.33580517650225694,6.357265941439746,-1.7282520613256969,7.749712826263186,-0.4525959132644344,6.474056678201923
2024-12-21,5.875097042953306,-0.22520163100330048,6.1002986739566065,-1.1856996947175924,7.0607967,-0.25741729513949174,6.132514338092798,0.038416837082307254,5.836680205870999,-0.11593140651582612,5.991028449469132
2024-12-22,5.745451994453503,-0.08911947624906524,5.834571470702568,-1.2592410368575324,7.004693,-0.01900294258316304,5.764454937036666,0.046826490875075955,5.698625503578427,0.21761551896273357,5.527836475490769
2024-12-23,5.661018579523154,-0.12295129522395687,5.783969874747111,-1.3011076755122462,6.9621263,-0.12446815464153538,5.78548673416469,-0.07734226558772406,5.738360845110878,-0.23386384986439257,5.894882429387547
2024-12-24,6.05953431857116,0.2873659865940521,5.772168331977108,-0.895743124360969,6.9552774,0.1853165478173615,5.874217770753798,0.6723665378673838,5.387167780703776,-0.05796948087493181,6.117503799446092
2024-12-25,5.974347135256592,0.16860558403084358,5.805741551225748,-0.9636907370578616,6.938038,0.07827212809541972,5.896075007161172,0.1807078487293472,5.793639286527244,0.13200592406600897,5.842341211190583
2024-12-26,6.033378873578541,0.06839895426534959,5.964979919313191,-0.9046589987359122,6.938038,0.04633917215297867,5.987039701425562,0.28920934357653927,5.744169530002002,-0.02662459837262343,6.060003471951164
2024-12-27,5.8860224767302745,-0.07941510883152425,5.965437585561799,-1.0486842111969716,6.9347067,-0.10500672815144085,5.991029204881715,-0.17069504290725135,6.056717519637526,-0.20419871801288725,6.090221194743162
2024-12-28,5.755119084495012,-0.25764277638088373,6.012761860875896,-1.1870434292378977,6.9421625,-0.33598721268156506,6.0911062971765775,0.13441424041837813,5.620704844076634,-0.3355863960941017,6.090705480589114
2024-12-29,5.639407186938007,-0.7742209198083323,6.413628106746339,-1.2468628592961242,6.88627,-0.3811388758664336,6.02054606280444,0.28519511604180714,5.3542120708961995,-0.07773617273181266,5.717143359669819
2024-12-30,5.84066860008319,-0.0711780788763674,5.911846678959558,-1.0486160106651008,6.8892846,-0.18529343319242653,6.025962033275617,0.22324229927507133,5.617426300808119,-0.018885656732098077,5.859554256815288
