date,random_forest,xgboost,lightgbm,neural_network,Ensemble
2023-01-04,0.4728199117798617,0.09948511028481022,0.47965745019063455,0.5582000663503521,-0.056889613841002884
2023-01-05,-0.4092017003021855,-0.6003977870927972,-0.23651409449889016,-0.5663947761688135,-0.387940706932536
2023-01-06,0.2862505472853982,-0.07875622141690286,1.6366389234079293e-05,-0.006352885847741518,0.2438725420581207
2023-01-07,-0.32897933454083805,-0.5700722900138615,0.10441501232790174,0.11994649328154061,-0.0869096737664794
2023-01-08,-0.13247739144658865,-0.32116343646850254,-0.052558905829153346,-0.10863900887734346,-0.21165176607433978
2023-01-09,0.8482547996828824,0.5849601685495642,1.0932287726746672,0.6694732184938434,0.8877914562528417
2023-01-10,0.596685242792784,0.24360302122388866,0.6387614365184149,0.3038059190670186,0.38718839822452544
2023-01-11,-0.720665763679861,-0.6274428007295754,-0.5235166314490094,-0.20213647447669914,-0.016826142320731208
2023-01-12,-0.16960775175455822,-0.4048285104244034,0.1814973380715763,-0.1881358159936024,0.03576225703952751
2023-01-13,-0.09013244507187856,-0.38039671354602866,-0.15437048008182508,-0.029004317018740622,0.03573526314144182
2023-01-14,-0.4060784378472757,-0.6314389384116534,-0.09837154960802685,-0.24204421912227403,-0.17269713414936838
2023-01-15,-0.3064986801158369,-0.4318430420157764,-0.030551151303809476,-0.08727578849228124,0.019315247208043118
2023-01-16,-0.5526314382018409,-0.6511781464573776,-1.1665708619449688,-0.5092939724877912,-0.39192047626917415
2023-01-17,-0.026252733877678125,-0.20033112996862634,-1.23927729480849,0.16120191880851387,0.13431894234967956
2023-01-18,-0.3287370295031806,-0.46313982393223085,-0.9632224898656379,-0.11500522047650463,-0.011677162633619176
2023-01-19,-0.5111329859565164,-0.5345585744094006,-0.7903522456179122,-0.5055857346845496,-0.13542234734311087
2023-01-20,-0.531995263283477,-0.6110576920733077,-0.6194634552785896,-0.2268155368555167,-0.21608049617815084
2023-01-21,-0.6514762875687197,-0.7426620332164191,-0.8235872736815697,-0.37514313367005414,0.051762110206118095
2023-01-22,-0.9576313108600036,-0.7550886957110041,-0.5215010278075081,-0.23506811073281497,-0.23567263384781256
2023-01-23,-0.1686800679663012,-0.5816620900426539,-1.0457449434879127,-0.7610666285438761,-0.556162972281907
2023-01-24,-0.5495407898423839,-0.7731075058109216,-0.8572480626702816,-0.5310755519309645,-0.4108712622633668
2023-01-25,0.8850975904864082,0.5485831311067884,0.671883617781436,0.9497936096391122,0.7643431351181693
2023-01-26,-0.2830597346340138,-0.6031968220811592,-0.40730288657487357,-0.48825759418544123,-0.29750656620521454
2023-01-27,1.5619645023738116,1.3898162843291981,1.5494346781772173,1.278614694732374,1.3248969244911741
2023-01-28,-0.2342817488927551,-0.5505571241720357,0.059031326755047075,0.19604075544059008,-0.07174112964386481
2023-01-29,-0.1945967458438247,-0.06475751277580422,0.2984825501376509,-0.27395322267035205,0.060773987262226825
2023-01-30,-0.47428926046930897,-0.7585491558858379,-0.6129436885462152,-0.42998914852526404,-0.21164415739029963
2023-01-31,-0.30383644403723586,-0.42417844118092773,-0.14775477543408755,-1.0516480645299442,-0.09212894928649185
2023-02-01,-0.6976134242803553,-1.047417974793012,-0.4560023049065549,-0.7074314809132733,-0.4093751094829443
2023-02-02,-0.21446197348133822,-0.5325584237508902,-0.46950014792809824,-0.17646226884957095,-0.050875694867613674
2023-02-03,0.954137986154171,0.5668132751661084,1.104014290718629,0.7980940345332179,0.9514821283330281
2023-02-04,-0.23112133355769338,-0.5149084578837169,0.15279638128636464,-0.4489732437766776,-0.06976022420188954
2023-02-05,-0.7397700194433483,-0.5445829754294103,-0.1331626331990563,0.201614114426107,0.1999840610156678
2023-02-06,-0.13906542593682758,-0.4884038028988371,-0.1025109059142153,-0.3321307803559961,-0.34727043029431925
2023-02-07,-0.2049718423673479,-0.5091028648969917,-0.3143069182941627,-0.07142950174028506,-0.038708429945629064
2023-02-08,0.20777756515197865,-0.16718633088457935,0.06267627841118362,-0.01363263788993585,-0.15387119750723421
2023-02-09,-0.2732090894738768,-0.5858499522954261,-0.5674044494549975,-0.017247939069815033,-0.21479885671712573
2023-02-10,-0.24868093982369643,-0.6201368270223071,-0.5282286523376545,-0.5973482074782179,-0.34969321491086447
2023-02-11,-0.3608505926793715,-0.6677251217217588,-0.01786179399986665,-0.4716392657951971,-0.2591876616340034
2023-02-12,-0.3265394509954316,-0.5817551342955074,-0.22315570673423935,-0.20847830017700808,-0.05565767397489907
2023-02-13,-0.22297779069023527,-0.543065574909992,-0.495236906412746,-0.3011524047637977,-0.26778969147793674
2023-02-14,0.3667458394488303,-0.0211980407718535,0.33191904505014946,0.4118833284775274,0.30732230531398486
2023-02-15,-0.025772238719870444,-0.41903791469282226,-0.11682284836069279,-0.11449368630236911,-0.12826146501844704
2023-02-16,-0.19741743387781518,-0.6199353301728117,-0.41113934535322727,0.07650686680078067,-0.15502887662621845
2023-02-17,-0.1542713292522908,-0.5607996019778785,-0.47257883812108226,-0.9094816141247417,-0.13987736050146538
2023-02-18,-0.2574859962065865,-0.6006641793962313,-0.2659248321408647,-0.6092033331195292,-0.06780495412473897
2023-02-19,-0.2500816037305835,-0.5385249136377297,-0.4035791069724386,-0.429000950199649,-0.029808740045098148
2023-02-20,-0.029880034812824974,-0.39324409816762795,-0.5957437115357429,-0.3358934903125217,-0.029526354631220997
2023-02-21,-0.24382445225555394,-0.6451394518431766,-0.5996648951826398,-0.4025653345195277,-0.2522256755032988
2023-02-22,1.5780696311207922,1.1861008353219074,1.2531991960946023,1.4299963287298603,1.4603474278419348
2023-02-23,-0.11523737947476498,-0.4835796799170957,-0.5007395320762296,0.022092308768900892,-0.35842668735692484
2023-02-24,-0.36720688199658724,-0.412750528614815,-0.6523299502420574,-1.1240426347892996,-0.05013614754331108
2023-02-25,-0.4170454353767603,-0.6663714540890222,-0.33687329161108437,-0.5934333335444464,0.07291052652253782
2023-02-26,-0.266380608654071,-0.353743080473782,-0.15220746884847536,-0.29338998238268665,-0.1544703874522213
2023-02-27,-0.2635432593426774,-0.6593471595617739,-0.7664100441068005,-0.5734600411866708,-0.37129121472105275
2023-02-28,-0.17288414089595783,-0.4355568148273683,-0.20680979824671653,-0.24820491545960977,-0.0680606249988287
2023-03-01,-0.011687681991801924,-0.16609344353912547,-0.20968233784003942,0.623160072110096,0.09973303235133635
2023-03-02,0.20345388353969796,-0.10028429138722394,0.07500563394728132,0.7445387627069753,0.16831371867290557
2023-03-03,1.4596411705807455,1.2178361479852153,1.4433118154906879,1.9809048260721749,0.8623164842592317
2023-03-04,-0.11584592914217318,-0.3064115056002077,0.08996191989503544,0.25515786756226966,0.02473847696515996
2023-03-05,-0.14741601052105047,-0.19540264232388616,0.12896531834411284,-0.017472136941675487,0.4068586337597093
2023-03-06,0.021583459203574407,-0.2763501714468237,-0.08279752729188594,-0.6372249021569214,-0.6599896903450411
2023-03-07,-0.1738771274720392,-0.47588579481276483,-0.2504773349078402,-0.2768327068683689,0.1358113536261758
2023-03-08,-0.3690267329925554,-0.6475591084391379,0.06970323451066918,-0.2143600804028143,-0.18742193450521683
2023-03-09,0.39513762679607467,0.04265465201366503,0.15339596059493665,0.5071216997127319,0.24235098140665734
2023-03-10,0.39515616676526655,0.09263104442720049,0.2047360314428115,0.7496914137529753,0.25390363068546407
2023-03-11,-0.019279100635069213,-0.23003888408758755,0.006224445252486888,0.1290259612685425,0.19136559260092945
2023-03-12,-0.050000486403517286,-0.2736589829555758,0.32232440181688915,0.2381263572453971,0.14059020287468904
2023-03-13,1.3714757067582415,0.9537384474524693,1.3646847351484652,0.48813934022151884,0.6390697989939333
2023-03-14,-0.11447217004906562,-0.391417502405945,-0.39433889014151013,-0.08970219706329097,0.0621403747381617
2023-03-15,-0.1777071679080482,-0.2599598235067351,-0.011781172184136324,-0.3021878902478061,0.010161664457760011
2023-03-16,-0.38928801728396145,-0.6021749579399565,-0.8652923138338107,-0.7310804196398148,-0.18464769408196702
2023-03-17,0.09623257869146329,-0.1177088470371963,0.09548740755929508,-0.26030015146661256,0.02333195816310152
2023-03-18,-0.5022653886628952,-0.627221412762232,-0.4874248508054233,-0.11376321935940581,-0.03198614260892718
2023-03-19,-0.5990952058548338,-0.3533987524279496,0.08217205054612897,-0.09151060658152943,0.026379826659876926
2023-03-20,-0.3725242531239452,-0.5089447985329141,-0.16389878696507054,-0.4521758493465473,0.04798538278958908
2023-03-21,0.06752164142767647,-0.2681497351413977,-0.013239041908203575,-0.4608597434239421,0.15819677508695307
2023-03-22,-0.3108787821619927,-0.6374315742493017,-0.4831000231411764,-0.30169055508029885,-0.07558985760983994
2023-03-23,-0.12340939435106968,-0.40775584745467697,-0.2978598100987373,-0.13637742237446382,-0.08490736444069746
2023-03-24,-0.06312773988086029,-0.26451432111048057,-0.09420034549126122,-0.010216470398413335,0.02019314126102323
2023-03-25,-0.495311865658719,-0.5122791562279847,-0.3474028661725441,-0.06819765894606356,-0.09240806030250504
2023-03-26,-0.39420550118375175,-0.4962153114088892,-0.12812888976719883,-0.02525630674713142,-0.14193064785181164
2023-03-27,-0.6040697693065304,-0.7955163801920815,-0.7191012054074388,-0.8222672846555756,-0.41311381329144936
2023-03-28,-0.5222049266915896,-0.7989274562533897,-0.7533803451641852,-1.0269772333597995,-0.2837779051455467
2023-03-29,0.013347404459839396,-0.35659928547878117,-0.43566013808734816,-0.1632018350242408,0.009395191067953945
2023-03-30,-0.320506321918808,-0.6251257887803767,-0.4557998435045132,-0.41929297232487883,-0.31817379704565063
2023-03-31,1.6845184874247288,1.3323211091030878,1.8195003145276942,1.6300886767140241,1.2464452332968072
2023-04-01,-0.6485244982687846,-0.533783248123056,-0.1583920783994266,0.17393603624086929,-0.10969012087647023
2023-04-02,0.0235225683344229,-0.10152702581247652,0.2364248214352429,0.44293024085564525,0.30715752243697203
2023-04-03,-0.36109745963399753,-0.7817454476589223,-0.7977925243743904,-0.31204702045395116,-0.1968046561885366
2023-04-04,-0.3022795698187082,-0.5827536109922811,-0.11210436288816439,-0.31235873908999423,-0.11418490010794002
2023-04-05,-0.15385433469450227,-0.3362117696105429,-0.07389649156379896,0.1378803129211441,0.060207127702771146
2023-04-06,-0.20307042533491604,-0.5566384458938796,-0.392066585266031,-0.34614030888155334,-0.13251590096683508
2023-04-07,-0.4170698151298371,-0.6496897018275725,-0.29610957628750256,0.250139833751966,-0.15916413666176155
2023-04-08,-0.45701376289468953,-0.7081288156258534,-0.3145689580755793,0.06671154463591478,0.04195578946019651
2023-04-09,-0.3461001142284985,-0.6445552254147504,-0.06278716508130344,0.30867108714260993,-0.12283901675541564
2023-04-10,-0.3966041529990765,-0.7786688201277965,-0.2723642195169802,-0.1905003128229712,-0.30434968750813596
2023-04-11,-0.08566411993480472,-0.42214153676203736,-0.20010520475189963,-0.20642819547086866,-0.14158242572258573
2023-04-12,0.009151886185579272,-0.3952082857759809,-0.2760210586106595,-0.0025115243632232165,-0.028178719012789344
2023-04-13,-0.20511458742609534,-0.6410168736391615,-0.48015457667182204,-0.46079094375066454,-0.4611636073041492
2023-04-14,-0.16996613109386516,-0.5757975660352148,-0.06346923941884342,-0.20875854959735562,-0.20291894840886116
2023-04-15,-0.2274203933238983,-0.5848270650125649,-0.027296049288290547,-0.1233349617890056,0.013330579822500965
2023-04-16,-0.20964275433068025,-0.5429802227798515,-0.02140234055504564,-0.05267620798738193,-0.013073696704696047
2023-04-17,0.1464898821209637,-0.20083451009129583,0.2837511550441869,-0.12591817993365062,0.2676696951220432
2023-04-18,-0.20940855624954935,-0.5680237232392535,-0.1974883524402653,-0.3154369268844235,-0.09460809529642233
2023-04-19,-0.07131953777274802,-0.5241469218499848,-0.2870276108670584,-0.3101688583806794,-0.27171355597794644
2023-04-20,-0.3812902508596405,-0.7236304958444588,-0.4353383200217671,-0.3530466613259122,-0.25386457951051433
2023-04-21,-0.3178114738732223,-0.6800520334177413,-0.30330518289880004,-0.29722512888091046,-0.20027730513311326
2023-04-22,-0.5173661034342327,-0.8546171651849583,-0.32420449822953934,-0.20523147208816628,-0.2088479449631766
2023-04-23,-0.3464848285493627,-0.6859883021859936,-0.16290787580388422,-0.09464321821806543,-0.028863491652447948
2023-04-24,0.1093311439288609,-0.30317554111807166,0.09598367671215602,-0.006774068631116847,0.1448368529715891
2023-04-25,-0.18350061673205698,-0.6201892635754591,-0.09194029369832091,-0.41960402234227434,-0.15237473151105085
2023-04-26,-0.3507794740526151,-0.6530266863507421,-0.25251094618890413,-0.24710480741793628,-0.2334951571634587
2023-04-27,0.00542281510545628,-0.4338652136047756,-0.3228351493181032,-0.04105454378771789,-0.1607396462782269
2023-04-28,0.31976124937195305,-0.11879290414485588,0.30356436389473895,0.4049363753294575,0.197147182172972
2023-04-29,-0.14674724894571778,-0.6442070524851484,0.09677552382840204,0.004822545257095356,0.0036994028617662877
2023-04-30,-0.03824970416335738,-0.44044895632480685,0.1450166501521064,0.16192936304780314,0.14659816331889708
2023-05-01,-0.07319749414836618,-0.6306801962280044,-0.09811775627859998,-0.49938970740336774,-0.1918157866987622
2023-05-02,-0.05978367130822715,-0.5473767737221165,0.03188381658956008,-0.21222260687735428,-0.11075342720526393
2023-05-03,-0.09982503485567751,-0.6352128538075128,-0.19735637148659624,-0.1302857651333733,-0.2403045253699636
2023-05-04,0.2913439446965498,-0.02844898901689419,0.4717747626432143,0.17897281847792001,0.41788615576544075
2023-05-05,0.7919167329158405,0.26492755569582016,0.7426233460577629,0.429492450247313,0.4779396253013042
2023-05-06,-0.022996036544075338,-0.34258448110714035,0.0952634991938135,-0.08467035547279878,0.07220687925756586
2023-05-07,-0.24546669026556245,-0.41684637452849316,-0.18978147652764576,0.22533369116057766,0.09943596026248258
2023-05-08,0.7195193871471091,0.4290185995553486,0.6750423128059051,0.1593151687164358,0.7621456889560587
2023-05-09,-0.18609014081805775,-0.5276488028971258,0.026074913874165162,-0.29699128867756563,0.007609280762572723
2023-05-10,-0.4116708225631225,-0.6172674264405273,-0.6023556197797983,-0.2855292308273132,-0.34486600887626473
2023-05-11,-0.25986183186395007,-0.6519997567077427,-0.39578562395058636,-0.5903764765014428,-0.3612965045734766
2023-05-12,-0.27926259668409514,-0.6493494056473068,-0.33147223730374265,-0.586099264886581,-0.4708690851422599
2023-05-13,-0.3236461912016768,-0.7018537257417901,-0.006881571816792054,-0.19733213875741473,-0.21662684139026744
2023-05-14,-0.19307711503058655,-0.5588036485778556,0.10167509123450014,-0.05927074877544314,0.0008114493251660804
2023-05-15,-0.1566777355935658,-0.6134113762652049,-0.34232146424095156,-0.4714607226133598,-0.031153765190015115
2023-05-16,-0.029609697445385663,-0.4101338450744674,-0.12266893073183738,-0.12624768376111462,0.04479788761617787
2023-05-17,0.03775391765246372,-0.47547861547081194,-0.05165902636610742,0.01961530373031195,0.07626173787418633
2023-05-18,-0.16203570200645867,-0.5610379621747841,-0.4322170180480578,-0.5054119419933061,-0.2710257478192366
2023-05-19,-0.062181868508089266,-0.5254238721532847,-0.05164016052182596,-0.35770888418826097,0.014504050760305809
2023-05-20,-0.2532772120269122,-0.6732159613107669,-0.3949909695120333,-0.2878591572864444,-0.16902676305610065
2023-05-21,-0.21717606258808786,-0.5824698848669874,-0.026208030756385448,-0.11188526734563542,0.0776618607861872
2023-05-22,0.022787803281086205,-0.44922468320261455,0.042616347255017395,-0.3260399273370771,-0.030574826682149947
2023-05-23,-0.44074766280249733,-0.7847613891371701,-0.12769253490386223,-0.36510491730876815,-0.22011965605492367
2023-05-24,-0.2083680540690933,-0.5513319508446841,0.0650845120691228,-0.30115056595683676,-0.05440729833893432
2023-05-25,-0.06386167355666217,-0.6039243273560038,0.11715297775674305,-0.6035569896802597,-0.2052833176440405
2023-05-26,0.4019537113424638,-0.01665906737725642,0.6424580914200586,0.21097151991777174,0.43274370447596056
2023-05-27,-0.08508575550213227,-0.5822359500382621,0.03828389950658018,-0.18075874473453535,0.020023110693751178
2023-05-28,-0.25599565346675757,-0.4995237563485757,-0.033377334243600565,-0.003220113700142413,-0.020049214449273656
2023-05-29,0.11228181806224669,-0.4185526181795751,0.16223717271062554,-0.2267841724809685,-0.011925539742025926
2023-05-30,-0.16503958490289605,-0.5821528495711163,-0.014459576647568362,-0.3566453719854863,-0.024759523359311864
2023-05-31,-0.08164434423129396,-0.5057783154753706,-0.07210807710512324,0.031018103291697408,-0.09749537485009885
2023-06-01,-0.260434966600509,-0.6652887710714381,-0.4535128666786612,-0.19104933144384706,-0.22916162177845312
2023-06-02,-0.21947385576903589,-0.6782350967393462,-0.1454750521940955,-0.3280822812255826,-0.252893307540659
2023-06-03,-0.32261898837543157,-0.7252305581818614,0.04279547822418284,-0.061735559244622706,-0.10295914756696689
2023-06-04,-0.3015808776349882,-0.7021291759664328,0.09185082560463353,-0.08131120581053519,0.057298155329511324
2023-06-05,-0.19182970316190762,-0.6571383659102459,-0.345540439663063,0.21895343382695742,-0.13358048090188124
2023-06-06,-0.22659827537154875,-0.7799879807401471,-0.10080881176687484,-0.39322121503259666,-0.13027027387375512
2023-06-07,0.002339661341411059,-0.32853134683107843,0.41922326726262504,0.40751239739907064,0.25899143198420127
2023-06-08,0.05136983638492332,-0.5405594923868273,0.10298795864367793,-0.10142409669262786,-0.00036331976849446335
2023-06-09,-0.274249366662878,-0.5895932269971436,-0.19120742107073685,-0.24225098401730705,-0.18259385841685027
2023-06-10,-0.08065124069201346,-0.6218092254897769,0.09430290918432327,-0.050646618002099686,0.010698077199526423
2023-06-11,-0.190851835599104,-0.6659599495354671,0.12422995561821093,-0.13480042681247983,-0.0031741202761095266
2023-06-12,-0.2476900915074829,-0.7532295335267714,-0.12056316530608235,0.11311381793742736,-0.041595754479789804
2023-06-13,0.09611454267513864,-0.416949356798499,0.10906832321621085,-0.018141010821273618,0.08589268630933766
2023-06-14,-0.20184276812693724,-0.7614913409033317,0.04564881903584794,0.05951757565736848,0.006405596964831339
2023-06-15,0.005124198443425598,-0.504811537867238,0.22839214934664387,-0.0059120429699079935,-0.02636677247200314
2023-06-16,0.18883560504570607,-0.3424707510029439,0.3479964826941,0.022815627650253134,0.14643014585730807
2023-06-17,-0.12256952206648819,-0.5821887847057914,0.1951019726767198,0.043991745494834866,-0.02351397876990191
2023-06-18,-0.2624083671188293,-0.63425064718023,0.01569666064519737,-0.0829433731965139,0.023231404290701363
2023-06-19,-0.18097759849042472,-0.6312959423077036,-0.016675128718451226,0.2679713088628244,0.026409074603702898
2023-06-20,-0.17961995539188358,-0.6320010002618313,-0.011116593472753955,-0.2597241677432569,-0.12836829808266348
2023-06-21,-0.32147250148157536,-0.750965085030372,-0.11702345119913993,-0.05824227335545462,-0.15547223825470535
2023-06-22,-0.19487981208739846,-0.5894456507427934,0.16302832178506232,-0.10087033798405454,-0.0809976357664075
2023-06-23,-0.05429685338690948,-0.5179764899204562,0.30530566121479374,-0.1692185461656921,0.052259292512620625
2023-06-24,-0.291878299928074,-0.6844315948745434,-0.00751284719655132,-0.02320174308951728,-0.09287735626218385
2023-06-25,-0.25929021798592,-0.6567541513773243,0.1704728586666695,-0.12967843444329397,-0.0378896934073909
2023-06-26,-0.24410794921147883,-0.8157268890363429,0.03547054282643902,0.1106806203384707,-0.03732204538023698
2023-06-27,0.08134110469944922,-0.42823220628664505,0.18209069307052594,-0.0793732453699425,0.08768926548363876
2023-06-28,0.1466631538326446,-0.2510758649792715,0.44458153301106584,0.5455539216354559,0.229446945118295
2023-06-29,-0.10377511066007994,-0.5636701710844081,-0.16418771432779877,-0.15135307103922013,-0.05775357127324554
2023-06-30,0.5856948438659444,0.41344550998580054,0.5980117657527,0.708050971458162,0.7139786147221754
2023-07-01,-0.46204846138025957,-0.734797877513313,-0.08276907961722824,0.06981495366092894,-0.02024376050091714
2023-07-02,-0.271111330028754,-0.5330153064832519,0.06789069761202526,0.19327416583192836,-0.09098890001885529
2023-07-03,0.16450666486630716,-0.39745586228457963,0.1784121128688252,0.14338730140378875,0.13293261113105537
2023-07-04,-0.34047125701618164,-0.5909478738296841,0.003643983756802527,-0.25756401394577644,0.021293661673276176
2023-07-05,-0.22818163368144173,-0.6759497727302772,-0.0683004660043558,-0.10204998244370245,-0.15589260787332737
2023-07-06,-0.1410748027740425,-0.41998387352398225,-0.023761918508506952,-0.05492263195200486,0.020269637414454422
2023-07-07,0.2517789477764252,-0.21018035369677968,0.281925165250672,0.5180006867638376,0.06705058468834935
2023-07-08,-0.1518651259346271,-0.5466231837946882,-0.13366946787265732,0.12951476382086646,-0.12877126220023438
2023-07-09,-0.06704239668628276,-0.4787428681600563,0.08664538775905228,0.3584858366236441,-0.07692071107591225
2023-07-10,-0.3323879376287291,-0.7391156882623697,-0.7310524954872353,-0.06644351724803599,-0.35069216632009415
2023-07-11,-0.08167888827912773,-0.48028658840271365,-0.052321774636037155,-0.24196967408757875,-0.4381028508065379
2023-07-12,-0.23205021227323286,-0.6923360896385642,-0.47776177883415905,0.010735267753847033,-0.254313293054623
2023-07-13,-0.20721320643561025,-0.6472704368523763,-0.34465108459867455,-0.34708353196402175,-0.19179301533110849
2023-07-14,0.2525767444900975,-0.22720549630937192,0.1725257954950079,0.4149260660816996,0.11763950486441299
2023-07-15,-0.20607837927056227,-0.7028756127708045,-0.004503418863517794,0.029804738622173588,-0.03810512925855569
2023-07-16,-0.12501086428414876,-0.5139715694670954,0.243845810992541,0.21382865530778172,0.08806540308188193
2023-07-17,0.40305488941704404,-0.15251272600817156,0.10658077325241422,0.03195261437128405,0.1403039450740522
2023-07-18,-0.17182425959123826,-0.6743715826843362,-0.17402291746217102,-0.27182050336918984,-0.25263563607598094
2023-07-19,-0.025788493271657664,-0.44746761506992083,0.024277654190600906,0.1168991159504289,-0.014505490484688188
2023-07-20,0.2598479718446276,-0.22132662116053758,0.1607230740786889,0.030763182603018357,0.23877319411300757
2023-07-21,0.9767996880104475,0.5295120225972525,0.8760144595907828,0.9465778159243783,0.9565303712441819
2023-07-22,-0.13513953083120533,-0.5318398186753637,0.06859695672021271,0.13407525370462103,0.048567395684148806
2023-07-23,-0.33134131314045767,-0.5474378815003114,-0.0143513319582933,0.21687225462479987,0.048040969398051914
2023-07-24,-0.18046376788936147,-0.5675356560723879,-0.4660149409154952,-0.1911839261218331,-0.022623064628580103
2023-07-25,-0.20171848561203376,-0.6288069985318145,-0.13355634552903162,-0.4097392649127798,-0.28675325470189605
2023-07-26,-0.09239961053403256,-0.5143052532022914,-0.19918709348691088,-0.016291795411110144,0.030064697555481246
2023-07-27,0.12589750244227638,-0.31989048747592186,-0.17069240682682008,-0.04967032725772036,-0.04961796437334165
2023-07-28,-0.1660383538947121,-0.5844971281542515,-0.28780364786973056,-0.14240398178881275,-0.12383975521630308
2023-07-29,-0.04864875238765709,-0.5203866400987147,0.1379118370868646,0.1787607869441299,0.048393482343473515
2023-07-30,-0.18579501893381245,-0.6399505064146567,0.040979681073072705,0.14946486990939079,-0.044497317903573474
2023-07-31,-0.015868442184965303,-0.4618370707443571,-0.31281243643481105,-0.05725182230274406,-0.21300579886618642
2023-08-01,-0.32819794679020475,-0.810285182624213,-0.44898713185811623,-0.7578755489356723,-0.30584707469702277
2023-08-02,0.6555693146591999,0.23460349378865075,0.06673086782797633,0.5613868938268674,0.28487310633643403
2023-08-03,0.22269933304834844,-0.2077483803131095,-0.04357680982021961,0.16162843331538923,0.20620320112482293
2023-08-04,0.15854833427703596,-0.1725183096149152,-0.1304033509067164,-0.2336257524632277,0.014328948397192676
2023-08-05,-0.08228097343898355,-0.4614161556455283,0.0579091345104894,-0.005194477588672086,0.018713339484802916
2023-08-06,-0.46716710972517284,-0.5331547977420268,0.05241929811299606,-0.13805282147791864,-0.08319857438252676
2023-08-07,-0.10265254468033191,-0.5363496922756212,-0.006078828218678112,-0.168488681185881,0.02966389709299122
2023-08-08,-0.20956859080033574,-0.65570166778007,-0.3102146019881715,-0.7236981713509341,-0.4138101106488694
2023-08-09,-0.1665769743493426,-0.6091710325750901,-0.10245558724149806,-0.06812446460157151,-0.12005737831005003
2023-08-10,0.0406380034299918,-0.40070425943896204,-0.30538884539767963,-0.12259872983245934,0.1589170381084175
2023-08-11,0.12360679068781888,-0.38173522484860456,0.056236458785093646,-0.006265340079472992,0.17273813873881405
2023-08-12,-0.12655842440488296,-0.5503605211207585,-0.0868837167238361,-0.02269101271712337,0.05208867656109728
2023-08-13,-0.09640257510316808,-0.5372533811983597,0.09745622995211978,-0.001688275262865524,0.028201836075781195
2023-08-14,-0.2537313386057356,-0.7556210460726804,-0.5516055817010015,-0.6823879364781087,-0.16906713220208047
2023-08-15,-0.28800984809786545,-0.7130894484723891,-0.38165264321370973,-0.8011016515839033,-0.26238443357881813
2023-08-16,-0.351388483290207,-0.8056587740566856,-0.6915878685919905,-0.3161164432485153,-0.3194714525933122
2023-08-17,-0.04745849477799258,-0.5403631963497277,-0.13042913684156776,-0.16767321679576064,-0.1862107436927385
2023-08-18,-0.15632968801580915,-0.6265819563807327,-0.08461295509443101,-0.7974685857677919,-0.221134573072578
2023-08-19,-0.42990971437258185,-0.767564655165538,-0.1099198436954314,0.004172791044363855,-0.11662410142763147
2023-08-20,-0.47310751239336657,-0.7026305380341453,-0.3283809686167727,-0.2233642311422388,-0.11496008442577654
2023-08-21,-0.31662682825499733,-0.5524083149415109,-0.5544702817741047,-0.46117738897677985,-0.15735740958340294
2023-08-22,-0.3338159119672124,-0.7937293105717673,-0.5227066415144019,-0.8202097685188408,-0.2534522560780168
2023-08-23,-0.2602024569849526,-0.7039525868261087,-0.4382882967005841,-0.26665015362349465,-0.41334263208723154
2023-08-24,-0.3626633021221686,-0.8026178691728632,-0.3442973524148911,-0.30416168250639597,-0.29888814459179347
2023-08-25,0.02922399494235428,-0.4574769592692425,-0.264166023168392,-0.6850285983319813,-0.06249903367514431
2023-08-26,-0.4243813387242463,-0.8184021751717125,-0.2832233924451595,0.037957305277219966,-0.08080725161545477
2023-08-27,-0.14144125822698506,-0.6245076332300386,-0.2252923622369245,-0.19595059702139217,-0.008588166265442787
2023-08-28,-0.2994967314664896,-0.8894926819590756,-0.6324909338552152,-0.36010123031802177,-0.12532683266792777
2023-08-29,-0.21612510100061666,-0.7978186494074642,-0.23244122605617434,-0.8495490340159009,-0.16964311288456813
2023-08-30,-0.3273479678607094,-0.9833638636749091,-0.3923371610740407,-0.15712008589031878,-0.21177389126130475
2023-08-31,-0.22381572331406652,-0.7159041596778302,-0.2816371750571065,-0.22646960106273095,-0.16849881428068603
2023-09-01,0.40435968572170555,-0.21589219296056328,0.35336105855938094,0.12883814371118607,0.21019157810506872
2023-09-02,-0.14073654933146162,-0.7244514327739653,-0.130307933008174,0.0016695721697406185,-0.035351914176057875
2023-09-03,-0.31096910117195264,-0.6295454905391065,0.01067214868610833,0.019216257647532764,-0.03736531088346151
2023-09-04,-0.01946150680861347,-0.6036125742009277,-0.147537099769103,-0.42800459214454545,0.019439864375625504
2023-09-05,-0.1304856126027305,-0.6248060194692089,-0.38532711327402946,-0.4832979857133246,-0.1656046907957336
2023-09-06,-0.3082957787405727,-0.7430982352524431,-0.28442657291171436,-0.2452137770155618,-0.1809274294586256
2023-09-07,0.017858181642652404,-0.5172720099485746,-0.04954295541155673,-0.190330975772258,-0.21009362397439624
2023-09-08,-0.1880345156887664,-0.6266531408803431,-0.2367382060169767,-0.14918216273267504,-0.19752243473997133
2023-09-09,-0.2774868786622262,-0.6332080360064234,-0.1694129243891176,0.14533826283599094,-0.05361265020047412
2023-09-10,-0.3831129098723425,-0.7295755660253338,-0.1891485415564178,0.03152907612060307,-0.10308639724769009
2023-09-11,0.4124626706030492,-0.09274141463354724,0.16384108470464298,0.21351501369964332,0.344897613634501
2023-09-12,-0.3124919131600956,-0.7754381523742788,-0.33176914794150836,-0.5681210191697925,-0.20563753615795033
2023-09-13,-0.2524089639970448,-0.49311835388814185,-0.21880011591453297,-0.06422216287275795,-0.07280495852490088
2023-09-14,-0.3132687983433007,-0.7781757169255732,-0.41429399993113414,-0.5240426757648562,-0.26950103250547386
2023-09-15,-0.3292068125131502,-0.6034851335201301,-0.3596815262839419,-0.281874111095445,-0.10465060334269438
2023-09-16,-0.3733430600811074,-0.7911399299223953,-0.20048041486170654,0.08263160990580243,-0.14148226584852974
2023-09-17,-0.32421771879134464,-0.7173437124396038,-0.28650634571856237,-0.0591819945035148,-0.06455957656922262
2023-09-18,-0.40131094123707456,-0.8251580598867694,-0.5656019267896566,-0.4992314583492794,-0.14642250202541618
2023-09-19,-0.24842149278429293,-0.805819533429962,-0.42894797875982693,-0.611433709452549,-0.24574704856430607
2023-09-20,0.7679455251321841,0.2639521168550196,0.8097182637333082,0.9316161667635221,0.6349781079738133
2023-09-21,0.18289109235731704,-0.22013035670315428,0.2781008604572506,0.07605680310600693,0.2942006591906354
2023-09-22,-0.018810475658447956,-0.33698952592082243,-0.19157779047929324,-0.2565767394144469,-0.09431770463168121
2023-09-23,-0.26965031203360557,-0.4963904284801641,-0.07559802099259638,0.09949984865392114,0.05214636671715045
2023-09-24,-0.17465365548438427,-0.45635771787788926,0.13218068072027034,-0.08727801770257404,0.20092804326672908
2023-09-25,-0.31156012004879674,-0.6898006230683507,-0.27552276661151875,-0.7603740123985094,-0.2395464021931355
2023-09-26,-0.29711527300681606,-0.68079257913785,-0.5428528193534321,-0.5665062536601413,-0.20772001324238243
2023-09-27,-0.12117295623987268,-0.5925243636227915,-0.17863654545974228,-0.049337019179509944,-0.08767668513134552
2023-09-28,0.6193239283306493,0.18735236769586727,0.6235139517820958,0.5128768746516013,0.5712298410553514
2023-09-29,0.1227423462364845,-0.30122054080287164,-0.039894095017304565,0.019721601037632652,0.20810273125546885
2023-09-30,-0.030495557884002267,-0.4120215452416094,0.22902885612826296,0.2440523102527532,0.07101467907670678
2023-10-01,-0.18259540414624098,-0.6153994532139384,-0.10095759541620897,-0.044859151324788016,0.009459688182737125
2023-10-02,-0.24907657751403978,-0.6460327278219049,-0.18886852587562775,-0.4782034092708125,-0.16304297629503317
2023-10-03,0.047599481992035564,-0.47606308417342547,-0.09075784642654305,0.04076974529316324,0.005077427194590811
2023-10-04,-0.0669936786440628,-0.5576299793272943,-0.24880958727510016,-0.12726290257748474,-0.14012189131196795
2023-10-05,0.040119538158667645,-0.43546761814487844,-0.2554349490320824,-0.1601776830676993,-0.047827688370735366
2023-10-06,-0.09613172397760561,-0.4333218301445987,-0.29864810639214046,0.11482992584838758,-0.17001250479801566
2023-10-07,-0.20286843036943925,-0.5822332893058357,0.10924923381765961,-0.11783265661423403,0.02225631323653854
2023-10-08,-0.25287695738028226,-0.5870775723359669,-0.018073377547105807,0.07604778975024029,0.005583320915877543
2023-10-09,0.029261482990019516,-0.37993652764578023,0.1293577199494056,0.1544011007224393,0.0796564746266375
2023-10-10,0.4037380659994474,-0.08116031936749835,0.4812160131624976,0.4176232718965611,0.3570510843826913
2023-10-11,0.14237250355113495,-0.20567992377618616,0.11090818093423316,0.03314592308703901,0.12094684448227255
2023-10-12,-0.0669403431664275,-0.4289524650748078,-0.3499964873418513,-0.4538468105456275,-0.20195745440297408
2023-10-13,-0.09590488239317452,-0.5052158343209321,-0.27357374534329004,-0.32018700267782485,-0.04775282659274538
2023-10-14,-0.14692636187553632,-0.5085343460288598,0.026568663476348675,-0.3489419647254248,-0.005650368141580486
2023-10-15,-0.19756155891365434,-0.5510397604739934,-0.041686106691352975,-0.10193541820375263,0.09330389175099807
2023-10-16,-0.28721097889055347,-0.7029708712688265,-0.30526508413858267,-0.2322815690260187,-0.23597137700513837
2023-10-17,-0.1504800602913452,-0.631426914160345,-0.2526289492023741,-0.1308816571628526,-0.09026867779368608
2023-10-18,0.16461950887592636,-0.3412217412043148,0.35948339894124093,0.08984731832623183,0.1397796729577543
2023-10-19,-0.18448292379508135,-0.6894931190555775,-0.09928554630269293,-0.7127176881583646,-0.20225518478832782
2023-10-20,-0.08312079108396198,-0.4844949358144772,-0.12825348260776703,-0.10084172241169131,-0.025240230674324238
2023-10-21,-0.19903382554168925,-0.6864633345177964,0.03084922565546666,-0.28416508935076035,0.001550513901100281
2023-10-22,-0.19481797461385408,-0.62396395021708,-0.006234378304261767,-0.05257373961749323,0.06132653833295976
2023-10-23,1.3370028485339898,0.7994838080497999,1.180494130295556,1.2157620000584917,0.8574896761531292
2023-10-24,-0.5040282818662938,-0.7839958556439175,-0.42760246997915097,-0.44651328414651026,-0.3014554718417113
2023-10-25,0.04620101608248106,-0.07255862830560034,-0.18535416876277466,0.14905997825635176,0.046462873722344256
2023-10-26,1.124014580239523,0.7286105588244176,1.2273486344232314,0.8362312346640657,0.6864886940691015
2023-10-27,0.6416013530918381,0.3072248765820813,0.6028643733439143,0.6905526077760715,0.23561757618218415
2023-10-28,-0.14114065303063583,-0.26214234744350406,-0.007081736732947874,-0.1818178027338746,-0.20723432261340768
2023-10-29,-0.053400391119085455,-0.19261634208110756,0.07287907890879097,0.031147390473934777,0.07322337972187398
2023-10-30,-0.19199118067270682,-0.42319019761995236,0.06363836002767798,0.4182065165883433,-0.07441125654762182
2023-10-31,-0.41856843430485746,-0.5447196013621056,-0.2106636372985875,0.40229303287714835,-0.19496098304224674
2023-11-01,-0.24228616541728165,-0.5008874287868039,-0.5005167570116242,0.37875857339511043,-0.19877335850694244
2023-11-02,-0.014440650219682993,-0.2269041273018395,-0.24914563485364383,0.3602314727044167,0.013704531735356795
2023-11-03,-0.26767589227405075,-0.44089016379651547,-0.6168030744230624,0.3716378937218572,-0.18348826832152376
2023-11-04,-0.24555018939411077,-0.5046454794538189,-0.1269035248970507,0.22977440646083025,-0.10282184314805143
2023-11-05,-0.2599359970960897,-0.49752285608028046,-0.22794408110246245,-0.07100208565247357,-0.1538167792006888
2023-11-06,0.390083654374795,0.050683147087106306,0.16506878129364289,0.1638148970441975,0.28106919525236407
2023-11-07,-0.2823970071425759,-0.57237506511966,-0.21152252027387597,-0.6263462837994798,-0.271443891324191
2023-11-08,-0.1941283849659463,-0.49286196374707814,-0.10946224946773597,-0.2865468257864592,-0.18034280678275394
2023-11-09,-0.29713651520501827,-0.5911973607537817,-0.35212116675211824,-0.3595794938343584,-0.38767925000762915
2023-11-10,-0.3488207568822812,-0.67905350165932,-0.2736539229387738,-0.4200681824958803,-0.40045349475382785
2023-11-11,-0.286527534243179,-0.6456771341043428,-0.16127080927929782,0.12273976743770554,-0.22775794655140835
2023-11-12,-0.04887518403611679,-0.3482541364905085,0.059660714734329545,0.034616880276326256,0.038931489576471634
2023-11-13,-0.10064466127413318,-0.532312820723897,-0.295622791315008,-0.22054927447527284,-0.15887743925896913
2023-11-14,-0.19331850008282458,-0.5503365085805711,-0.44354097273719617,-0.44232852709976456,-0.22619101616240123
2023-11-15,0.9231157268990202,0.5270445694044934,0.7858069743128713,0.7008795784083421,0.4414730261613844
2023-11-16,-0.1163484167166633,-0.5032786911895819,-0.502712836183477,-0.545249390992737,-0.12473635213350143
2023-11-17,-0.24762914213463638,-0.5762225769385818,-0.5835157257815133,-0.5083795532851916,-0.31391798459977416
2023-11-18,-0.21595161752159697,-0.5614776698286761,-0.11838999999106647,0.19562228104592894,-0.1693767929703096
2023-11-19,-0.24205913284288982,-0.5332874957094447,-0.037259714452719805,-0.17149843860850744,0.006430722560921254
2023-11-20,-0.27552983185835345,-0.7261450860563503,-0.30160421871746657,-0.3604140255472359,-0.3198484711022651
2023-11-21,-0.17671189556946487,-0.5140744754789992,-0.4121422461790605,-0.06003267871712126,-0.15282033143635587
2023-11-22,-0.2326515687252284,-0.6758635507524184,-0.3463516728880167,-0.3796986331651313,-0.17559381433405807
2023-11-23,-0.05701286330383404,-0.582371198796718,-0.37893449120164924,-0.5945644915895407,0.05703779683435872
2023-11-24,-0.24150062567902886,-0.723195576114934,-0.31298701550336894,-0.3014544738338145,-0.17950540802312087
2023-11-25,-0.24211531352013882,-0.6733812503771954,-0.1192983155469145,0.19102099723949806,-0.16826651794965564
2023-11-26,-0.3274960663472761,-0.7942369922282291,-0.22226653113423556,-0.0979118046913463,-0.11778862746733765
2023-11-27,-0.5737259171964091,-0.8766014121571892,-0.6831794662033683,-0.5535402857109375,-0.3550483351655549
2023-11-28,-0.27958200146883794,-0.5351377225790417,-0.1289389425857923,-0.3443424074757422,-0.14765992164120068
2023-11-29,0.4214813229032002,0.21333189145729747,0.7854687286143536,0.4183372133552812,0.5115017557566777
2023-11-30,-0.17769270066960807,-0.5275089563707231,-0.4216584269964434,-0.5284508755476631,-0.15645460118411414
2023-12-01,0.10609295461877366,-0.3085062881465248,-0.04235308113555725,-0.052167246253191024,0.03324631786410315
2023-12-02,-0.14880171701462608,-0.6348428973766085,-0.02126042805039141,-0.013186636418509146,-0.08826831546509606
2023-12-03,-0.2310675284345809,-0.631674052740582,0.048376734425832346,0.2350909467578166,-0.17176335758412442
2023-12-04,2.974360060583856,2.3904494912204974,2.738901152955883,2.955456143579484,1.4481198134462314
2023-12-05,0.34945775903771903,-0.004402854498161801,0.3840371493751942,0.15319612342243083,0.21707440184240134
2023-12-06,0.01679009351493832,0.003918153067971275,-0.10742530264810135,-0.13666656308313385,0.08042586803158258
2023-12-07,-0.6371315448951833,-0.6518509167494724,-1.0035357189748222,-0.2532135999403682,-0.5411858801568883
2023-12-08,-0.42043209706507767,-0.4623497610620486,-0.410473354222189,-0.16215238116699027,-0.11550902391079276
2023-12-09,-0.7164592691463856,-0.8284753048152975,-0.47119310780581714,-0.038391917917309115,-0.36436633670093954
2023-12-10,-0.26486568818974554,-0.34281944330167846,0.04137658672478928,-0.06685736622487504,0.08267722078170969
2023-12-11,-0.5745074808760346,-0.7679304944038794,-0.29461738156591544,0.042948652871132253,-0.43602040519896157
2023-12-12,-0.2668834536462903,-0.5495051915121927,-0.2031607827939368,0.2849789756448686,-0.1647040855831552
2023-12-13,-0.5158594416190123,-0.7286307003300845,-0.41545990434850566,0.21356339896257204,-0.31595061009080716
2023-12-14,0.689690584351645,0.41422628198526645,0.5644719792066901,1.1310475106915074,0.6907250323840319
2023-12-15,0.9665518297115625,0.7015444855902828,0.8368054512520366,0.6325965911462497,0.456570431354022
2023-12-16,-0.1426124907646127,-0.17236369044940147,0.39200546380316403,0.4409011719310012,0.2679774172386047
2023-12-17,-0.14666185849408286,-0.18853902048350157,0.257270371761539,0.15466128213582309,0.1778618965088654
2023-12-18,-0.26990068394398037,-0.46189016865973365,-0.29028826047314027,0.06451493669815278,-0.15660448208335076
2023-12-19,-0.410369145172254,-0.6195565822397775,-0.36630393847930165,-0.045066222790673294,-0.15992054725179372
2023-12-20,1.0036420606822514,0.8185902877517464,1.0632204565162287,1.3464774351051574,0.6639315214231658
2023-12-21,-0.22945169140132293,-0.39622877446835325,-0.698753706300538,0.2365252702484213,-0.22108126588717703
2023-12-22,-0.14531652601776557,-0.2169862058154468,-0.6561587506822306,-0.04364295178532451,0.08611417009572264
2023-12-23,-0.2981458015677383,-0.44820897936924275,-0.23171396362529606,0.2909697865419396,0.11434512629342919
2023-12-24,-0.19864171001213649,-0.3936632344111981,-0.25417069742829845,0.2667172262141353,0.16352208386393308
2023-12-25,-0.6608794466283889,-0.8236902234869081,-0.47049169301954485,-0.14701124739420557,-0.35471705350019356
2023-12-26,-0.19005363560152233,-0.48989105647763687,-0.3983203149210137,0.1605282718247132,-0.030403438752495404
2023-12-27,0.21061360481135338,-0.04770146370967332,0.3033982051745028,0.8071304478364016,0.33069205750832076
2023-12-28,-0.26083119679359434,-0.45088596458726826,-0.25713010229178046,0.2659109801556596,-0.08568452530019144
2023-12-29,-0.5823657958970614,-0.5872234105242118,-1.0316437700065109,-0.3270173870987474,-0.29135895170075443
2023-12-30,-0.5794323158882086,-0.5608385442058612,0.050145651956611914,0.07862183388859023,-0.057841331674106655
2023-12-31,-0.5767854414690117,-0.5822745121390458,-0.45934129516786193,0.003442179733015749,-0.1862402037771922
2024-01-01,-0.6986605032062023,-0.8182650510647314,-1.0671314420836424,-0.9028231836061273,-0.39011962007621825
2024-01-02,-0.30195078044318713,-0.6076029947456707,-0.5646229397216,-0.37979923600436116,-0.16813407369349243
2024-01-03,-0.07163534701887109,-0.32517568052986157,-0.31071323586218114,0.11066957116250364,-0.049973086145879364
2024-01-04,0.06725811592960262,-0.3040398446406716,-0.39619287196032005,0.07129343493486573,-0.07054911919935236
2024-01-05,-0.27831629148295,-0.5167102675548332,-0.40651713197821593,-0.23744281805706358,-0.2519904612567885
2024-01-06,-0.25538905386139454,-0.48112336404878064,0.20686860933852103,-0.19864275543098486,-0.04486024135323774
2024-01-07,-0.16319250681865327,-0.5145396211539133,-0.33027092035469785,-0.14599405887664574,-0.025797319928924978
2024-01-08,0.48985585486678396,0.04119010436168935,0.13901033463985257,-0.0018752395587107173,0.34919486033386526
2024-01-09,-0.17709141271391182,-0.5301068605050787,-0.39336388067534145,-0.4133154913607413,-0.23909438337652134
2024-01-10,-0.4191917902057938,-0.5336097274171756,-0.4557516926956158,-0.2198884702786934,-0.24767900483949035
2024-01-11,-0.23223563095748823,-0.6417343147936183,-0.5101805796399628,-0.3792392224660368,-0.25517256003767486
2024-01-12,0.7484591087563839,0.312376056650459,0.4627585863348891,0.636573540103349,0.5121628404582435
2024-01-13,-0.19939563783488978,-0.5513120252984205,0.07667592931602218,0.014289196012891026,0.0828758796055169
2024-01-14,-0.26704121795104996,-0.46626324626417315,-0.106035877115076,-0.10241559974869219,0.05254206652971405
2024-01-15,0.392960020710575,0.02651280198403505,0.4755520748571307,0.3951596545973306,0.314813344822614
2024-01-16,-0.13174910961554254,-0.5419794126760475,-0.11364618935329496,-0.6724122140849413,-0.28985403047725633
2024-01-17,2.7750127410929313,2.426666542225277,2.696048596046184,3.0516592550845623,1.6943211198631936
2024-01-18,-0.05779940530600847,-0.43764288911772375,-0.12832189857183884,-0.7087251246384803,-0.07576871318644862
2024-01-19,-0.09779081683006474,-0.035907770928320204,0.008551803533187297,-0.3628985135004843,0.33785874005844896
2024-01-20,-0.5502032851672549,-0.8817239491389248,-0.34629748507991387,0.0952776237936348,-0.1514951682980321
2024-01-21,-1.57936809812084,-0.9745551361934783,-0.8641388134187036,-0.6613553002845318,-0.19724274041427847
2024-01-22,-0.4832404850654566,-0.8691110939011342,-0.5920322196058105,-0.3664394856386455,-0.23004351893913189
2024-01-23,1.2515756185855516,1.141646542551424,1.119574974317528,1.0979256848059045,1.122922475707309
2024-01-24,0.3581673577223672,0.12665169552649402,0.4696327480495395,1.8272606045558462,0.4028475955001891
2024-01-25,-0.31157199352839804,-0.3475808856248932,0.31972953505357715,0.018477587604214918,0.17110292467199173
2024-01-26,-0.3525060340603634,-0.5125781041606281,-1.26912582474929,-0.3779551981914313,-0.21706370538410447
2024-01-27,-1.3579328800054498,-1.139230497125979,-1.7155803327457573,-0.31068168700552334,-0.0772852909789794
2024-01-28,-0.31346839575626895,-0.5066133992886712,-0.21633058037980213,-0.16353237944238153,-0.15091333476881985
2024-01-29,1.7690583743747634,1.6166104556080967,1.7816814766517286,1.3548862310189573,0.8571462635609439
2024-01-30,0.15375015891480004,-0.07957984104909954,0.2284853249466252,0.8582463046009572,0.57453671533092
2024-01-31,-0.015026101022266758,0.05826562602181973,-0.21073231470112042,0.21775283327044193,0.2086242608181479
2024-02-01,-0.5056940919058874,-0.637333811985922,-0.8456290749298176,-0.12262301269561604,0.12148805831222198
2024-02-02,-0.40918004251195583,-0.6796078320824019,-1.3018142785661304,-1.286887375920605,-0.1495725231287306
2024-02-03,-0.5880009546787992,-0.5950973054898334,-0.5869410593676907,-0.08787886304594039,0.02297839852422534
2024-02-04,-0.34491882772725013,-0.5140775601192757,-0.2791071496959727,-0.19349509008683796,0.03397207652372458
2024-02-05,-0.24883863680806684,-0.39679543007378726,-0.42848058328169714,-0.7514171713164988,-0.1387744822392598
2024-02-06,-0.27986994574772517,-0.2152156157726015,-0.3301798020908464,0.08017014745657747,0.41126463674312674
2024-02-07,-0.34240179991162556,-0.4892056410585095,-0.3011155928553393,-0.6326456258880935,-0.2646741493900695
2024-02-08,0.3409932547850385,0.18913874028099542,0.5996665569149755,0.1468025556026724,0.5131504565169749
2024-02-09,-0.38306413042657006,-0.558321952147228,-0.025432117436491097,-0.7832291386524037,-0.1339638200898463
2024-02-10,-0.1763139434994887,-0.21059358925538696,-0.27807424453064655,-0.16822253648969188,0.2391041512553329
2024-02-11,-0.37725953311090876,-0.4580925172086978,0.1158438537814952,-0.1329937959052625,-0.04225818132435677
2024-02-12,0.15656788784717257,-0.06812984591282323,0.11049213358356269,-0.5710270108919762,0.12034674620293728
2024-02-13,-0.2715685739793283,-0.4918041514446383,-0.6747076980474365,-0.24952331176927878,0.017875044660470962
2024-02-14,-0.1549062811354176,-0.3297374687604222,-0.7177434826240212,-0.39053681369002824,-0.2467008460032929
2024-02-15,-0.3474134937222022,-0.5910960883790004,-0.940890074857176,-0.05419073532449481,-0.16069091451109863
2024-02-16,0.08155547139684671,-0.22144639632254837,-0.38401122748722827,-0.6949567428474666,-0.049202875630811604
2024-02-17,-0.426449502714938,-0.6149341108867592,-0.34785357960397434,-0.1426539391612387,-0.11747481969411844
2024-02-18,-0.15733633388504487,-0.3517701507102089,-0.18440932007206,-0.15938991602724428,0.1093706366294196
2024-02-19,-0.24542983751427805,-0.6402943736814599,0.04734452836950709,-0.5249484287654695,-0.382708901595457
2024-02-20,-0.21369714566556475,-0.6210841774771296,-0.5414830642956101,-0.014028420432921962,-0.3876790144722069
2024-02-21,0.037286008744905175,-0.5321509797743591,-0.2956531786282479,-0.16995863739874828,-0.17306959605312855
2024-02-22,-0.16776620546041165,-0.4032157015523907,-0.3752113939422177,0.35096806175436157,-0.0814454503665516
2024-02-23,-0.5090474800857443,-0.702701410951855,-0.6906750459726148,-0.7936514947223774,-0.3302034232527422
2024-02-24,-0.31773572687152196,-0.5066117681195461,-0.2755620462597985,-0.25419068346591267,-0.01292205337826502
2024-02-25,-0.27077301032923096,-0.5780325268672879,-0.1505045575923809,-0.3373547639649477,0.048879745837504984
2024-02-26,-0.21678122590377313,-0.563215685844547,-0.2715118504490057,-0.505946450818211,-0.3031999303428634
2024-02-27,-0.2543000754145872,-0.5914816192724306,-0.3110545114513332,-0.20910458394165943,-0.33965385436335005
2024-02-28,0.7764037603623564,0.3473177143017292,0.6430708757612784,0.6112327610369466,0.3996161563876175
2024-02-29,-0.40561782397992374,-0.6566562766887447,-0.5365406163376765,0.03821395453389265,-0.3797821632078868
2024-03-01,1.5719597331061514,1.252705081445276,1.502073293698425,1.596926481851101,1.4142182980866984
2024-03-02,-0.5735515310801897,-0.550025978443724,-0.17869313219323324,0.30790359840372084,-0.17233651390196414
2024-03-03,-0.04278784014757697,-0.23262081767206944,0.11205014684058767,0.029267938769647728,0.35867941445722096
2024-03-04,-0.5945716818686808,-0.888103415980396,-1.2463054621941332,-0.752938290636429,-0.4714248060195434
2024-03-05,-0.36823905809600177,-0.5512239042191087,-0.23332082810442678,-0.30874466301107795,-0.2283978762278025
2024-03-06,-0.5548269261297456,-0.7681681987878246,-0.36840615606833005,0.017194701658509004,-0.3271839974046298
2024-03-07,-0.6168599819943257,-0.6078723548137308,-0.35352901299109263,0.12871767248471677,-0.15223287631105187
2024-03-08,-0.3910153888140613,-0.8098576237480373,-0.14594791669769336,0.3551500765132687,-0.37235449489430295
2024-03-09,-0.31221529172832696,-0.7239912189752236,-0.011778370022614837,0.17305718985205765,-0.032002173007434465
2024-03-10,-0.28486338948873424,-0.6002987349272857,-0.08981936271051794,0.07004155553259395,-0.03511264403729086
2024-03-11,0.14019506009624827,-0.26694806583724606,0.22990842727611494,-0.12889312971385714,-0.0028322633725395008
2024-03-12,-0.33876296516371696,-0.6473760101890953,-0.40309328295986724,-0.9553272412359242,-0.5068674900705883
2024-03-13,1.145230488891304,1.0695062747572432,1.0870784830145368,1.3114024776968858,0.7587271833094604
2024-03-14,0.03591138576146946,-0.2220631262950441,-0.237875691116745,-0.1135755077041889,0.1521265394795961
2024-03-15,0.15674683455376304,-0.011764150757171521,0.13199434465539994,0.4433598407898831,0.37802533954611484
2024-03-16,-0.35807556806012286,-0.6159031175202472,0.046603166055779965,0.12186340173136934,-0.12914677733767732
2024-03-17,-0.1359717883794822,-0.3072383077851857,0.1784211173354926,-0.11134785547963943,0.19730072929889886
2024-03-18,-0.4561866588953922,-0.8199100720715062,-0.49164304963511896,-0.5751965374953141,-0.31991379861116265
2024-03-19,0.697319000923013,0.2575222397375043,0.7950783654414959,0.3633268293140759,0.6561587688900534
2024-03-20,-0.3649887368392992,-0.6994780800887526,-0.064900707758758,0.16058195933326935,-0.32173150220650193
2024-03-21,0.4336771992762465,0.11244272164448255,0.5817559654212534,0.8672527804541499,0.5037410405083431
2024-03-22,-0.2764145039447179,-0.6843539436220034,-0.27442572272633825,0.21996222584338554,-0.15634965091398811
2024-03-23,-0.0745769497301243,-0.3062362274686823,-0.0016866301322338018,0.08740388288393142,0.1278875928071752
2024-03-24,-0.4628108345861346,-0.6979848204426382,-0.19450239926885438,-0.1716225011168575,-0.25296965960450457
2024-03-25,-0.24395399393185357,-0.5532190039143856,-0.7577581466913692,-0.9434661838843965,-0.2414786139980052
2024-03-26,-0.1687695378221541,-0.5597739346350838,-0.6341351154683661,-0.6367792734540689,-0.3430872169482093
2024-03-27,-0.10218779329585992,-0.43576596699241144,-0.21916177505138457,-0.2567671993844147,-0.26381122042682925
2024-03-28,0.3274153497640828,-0.01715963055201364,0.2632731690372765,0.29804237897450747,0.2146380509979
2024-03-29,-0.08863891165492355,-0.4802168548515091,-0.22128398778499836,-0.04044172387981959,-0.20753517441501756
2024-03-30,-0.15980121646289547,-0.42757245494878404,-0.043017714030485266,0.1360112954563455,-0.1334518626501069
2024-03-31,-0.1717860871079928,-0.50169005579124,-0.13250710328371795,0.12388116545714212,0.0021794606767304714
2024-04-01,0.11691377594210195,-0.32900509685317836,0.010802310363116518,-0.28190953034449784,-0.18107226356259964
2024-04-02,-0.20990681154081337,-0.6044811506988328,-0.13207280787732145,-0.3050723184428126,-0.1743202056163522
2024-04-03,-0.3376348979259589,-0.5770269737138811,-0.5502659034650215,-0.44063695838384476,-0.21655104909803846
2024-04-04,-0.15386716386146837,-0.5698625326969751,-0.17361602826201405,-0.163153142443754,0.0628267435125558
2024-04-05,-0.23112148296073087,-0.5748658545720744,-0.5146871529756982,-0.3193720294721807,-0.2307849507129376
2024-04-06,-0.2385748648932653,-0.6029539089005835,0.00043037783983557176,-0.06375168514222729,-0.0918046476495995
2024-04-07,-0.2062281364477725,-0.5753957655751725,-0.0011848149777859973,-0.0379159516956209,0.006988124489495817
2024-04-08,-0.02021485286044289,-0.4020747775525173,0.16270416647345876,-0.054442775349784256,0.12690202071283174
2024-04-09,-0.30139095683421946,-0.7754724014239365,-0.4185549187977351,-0.4251400377955399,-0.2096682189247927
2024-04-10,-0.019477680793992036,-0.4571486442406236,-0.0028591664528629934,-0.1406542763328993,0.020263832762266176
2024-04-11,-0.4040610928202364,-0.8368318177021301,-0.5962049581625646,-0.3112291099064777,-0.2109789746972055
2024-04-12,0.6727732527687857,0.2778279090352864,0.7115694935980494,0.6686528739142723,0.5234321049451971
2024-04-13,-0.1790168071140812,-0.6620208582204121,0.044342277005317676,0.05293223097420885,-0.0038412838929211546
2024-04-14,-0.28765009006477626,-0.5489055988522171,-0.18133902471034347,0.2790448881981398,0.01332087648779634
2024-04-15,0.6711858591562523,0.16381314228014432,0.5605535028817208,0.671868870983868,0.5434585568105774
2024-04-16,-0.07418241179714613,-0.28079245450697066,-0.08042817418605352,-0.08677246481276235,0.028326120370811836
2024-04-17,-0.15746083118764354,-0.5608708129767113,-0.27608522216635656,-0.23074922425538702,-0.23582267573010363
2024-04-18,0.12172226651608753,-0.21208196126104006,-0.08185171440938532,0.08669530135016501,0.14249697249087667
2024-04-19,0.25808924948388423,-0.12830927582770713,0.24917146375091548,0.4889220095727591,-0.03259790793115336
2024-04-20,-0.13172123065903207,-0.46006277732443657,0.00347324419234063,0.061901229968723825,0.21370979670984802
2024-04-21,-0.10850003576118006,-0.4415685088777863,0.20857510441155824,0.09720257993038928,0.2502614257056699
2024-04-22,0.4496036657447675,0.04220587144251198,0.24794823536221244,0.46088612800667406,0.1081877094607151
2024-04-23,-0.09451494244398084,-0.5159323632720554,0.05171907243403595,-0.315366999071907,-0.19323637223704893
2024-04-24,-0.2325529692957815,-0.5716058757258402,-0.07605926855566736,-0.3136325839806364,-0.12043524370066372
2024-04-25,0.2732600840147441,-0.19586672886747003,0.20584516213601134,0.1489347008943085,0.09442756047016232
2024-04-26,0.21178781374662137,-0.2549735111037119,0.12360716874056976,0.289425769180097,0.07080266842893401
2024-04-27,-0.08026037638466654,-0.5065854305717501,0.05117689426156247,0.034265015767935836,-0.034068428462097344
2024-04-28,-0.10037281580712154,-0.4400656922067476,0.1554553073601408,0.04834463324220728,0.03865146046924117
2024-04-29,0.6705521564654191,0.23453591846605626,0.800283886735853,0.40099446347512746,0.6044785801336214
2024-04-30,-0.1691080279316015,-0.5206204159505443,-0.25212960022908426,-0.3847161534430459,-0.1550785351991184
2024-05-01,-0.5338440792329155,-0.6800572634081092,-0.6924001745295598,-0.5157115464414623,-0.40013618555066977
2024-05-02,-0.17984793312683323,-0.6442235849711455,-0.33542330843390644,-0.6220502451532894,-0.28568870840831373
2024-05-03,0.2431480866397333,-0.14789864225052085,0.2953698625244652,-0.23544388889414236,0.13418645054090028
2024-05-04,-0.15970117735382594,-0.5802225354825161,-0.08341706455027875,-0.33343827665490267,0.02692655137314226
2024-05-05,-0.173026615166604,-0.5242327030272733,-0.04217555593168143,-0.11096572025778606,-0.012351401863320177
2024-05-06,-0.22376786590558861,-0.6947025081365235,-0.278508749575729,-0.7059722788822951,-0.21243246741330513
2024-05-07,0.07334530850667598,-0.3191897567646862,0.10239410260510162,-0.1521012914476767,0.06179979279161962
2024-05-08,-0.28620253253167327,-0.7595358304505044,-0.18509516208189147,-0.343746726800191,-0.15906103253691395
2024-05-09,1.6698191503845319,1.2226354764853529,1.4629461959614893,1.3586707704171825,1.282903879014798
2024-05-10,-0.2064247055279136,-0.5678242229810966,-0.18861627918409773,-0.39339656108203513,-0.18779881316216418
2024-05-11,-0.7394676489017922,-0.6425688480389589,-0.28028767830297063,0.0852246732684403,0.15848974115140635
2024-05-12,-0.20627814030933678,-0.6637537469692454,-0.21791227062130325,0.0012379781594074046,0.0790262190392852
2024-05-13,-0.3569938216885937,-0.631603881396062,-0.4772408988805985,-0.9694053714940729,-0.09422075496847704
2024-05-14,-0.16583619901306434,-0.6159396774591333,-0.20515611646290388,0.054752956886821025,-0.2482644604868085
2024-05-15,-0.4735910521076896,-0.7254746954788676,-0.5208948515558163,-0.46801452098162777,-0.3501630829356923
2024-05-16,0.30384722019977595,-0.1092728533104168,0.2874099559064973,0.2989448183752348,0.32957476787261974
2024-05-17,-0.23836215256953075,-0.5140312946194996,-0.22581340194537347,-0.3746559009638979,-0.06787476887899402
2024-05-18,-0.2440545661273248,-0.5051574224446949,0.003700269949213464,0.14069945388645877,0.04168904122627737
2024-05-19,-0.22610422766561733,-0.5542593594793175,-0.15591923301516708,-0.1751788569011712,-0.18983487685754952
2024-05-20,-0.1969036273394842,-0.6180859550869648,-0.5506042797815116,-0.9980505591877566,-0.5879218005430555
2024-05-21,-0.316475429114373,-0.7005995884590543,-0.6770180350998682,-0.5009178202882101,-0.24109079069022954
2024-05-22,-0.13342662683854556,-0.5173028056606181,-0.3416454201542827,-0.4211980063858256,-0.21778518557000837
2024-05-23,1.7964539628741782,1.3743256108591666,1.7108001601809448,1.4750895344358756,1.075736322368929
2024-05-24,-0.15683064942342995,-0.49793283931811594,-0.3317415047846257,-0.5790865033597576,-0.30012510606092846
2024-05-25,-0.4905327216089965,-0.5547627147475165,0.02506625505591309,0.23719169438116872,0.36934149972632824
2024-05-26,-0.24001208016187725,-0.5778472919059787,-0.05605590757989809,-0.02723915883334982,0.12813370593451268
2024-05-27,-0.3278619560878937,-0.6444772589634642,-0.43549913991893163,-1.0074110179799014,-0.19487658613948255
2024-05-28,-0.3848910878820657,-0.746283739364987,-0.475601328519641,-0.1355176249110457,-0.2779152472024258
2024-05-29,0.12424354436814689,-0.21018701686668884,0.06392796985935512,0.08494848022993828,0.044475764697006426
2024-05-30,0.34177405013511475,0.003968848531174629,0.41635917197036143,0.3240880715703742,0.43543835616921633
2024-05-31,-0.1887381305128919,-0.48856196219710846,-0.22842876918432076,-0.546788180313655,-0.1606594072711207
2024-06-01,-0.23259332262722587,-0.4780064269055071,-0.015207402033023953,0.39584591114782164,-0.030599013841028366
2024-06-02,-0.09503410162131232,-0.4276097092732787,0.1878850710887221,0.21743689454092063,0.07361053885273527
2024-06-03,6.020782060779554,5.551917731363181,5.998738472457555,6.091771507258484,3.1721791533703954
2024-06-04,14.640794768977432,14.289165729797787,15.219318707571457,14.902734418137207,0.44467990457653883
2024-06-05,2.792928901997403,4.906418363131408,1.9656860816512136,0.4132968098049652,0.18868636120134852
2024-06-06,0.24646328992627886,4.293643349076312,4.8522847948295365,-3.9333406046318338,0.32741209788398606
2024-06-07,-2.118676970430652,3.9441426267727877,1.6573887139168413,-3.5628897961327652,-0.05475437769390723
2024-06-08,0.16515893297500384,4.187426550289924,4.415691764218373,-6.8243007274306535,0.1921737339022691
2024-06-09,-2.550791449334646,1.4613331006933663,1.4087368613412146,-7.158396218421075,-0.11391372945718103
2024-06-10,-0.4658445729761702,1.5006099890314317,2.9296281293865185,-6.486960194631575,-0.07612316947187381
2024-06-11,-1.5443246438774096,0.4448433306733399,1.860021340173951,-2.554976231531601,0.19727059187711404
2024-06-12,-0.3533743316517928,1.8748054469471782,-0.16715732547519124,-2.9811204221579324,0.0487598936431084
2024-06-13,-0.6525353374274445,0.22952221797429928,-1.5897477516089822,-8.186446423296754,0.028984824497133133
2024-06-14,-0.7784527000244132,0.35080147940637474,-1.6481622264665567,-4.9555108238699574,-0.2886506389258443
2024-06-15,-1.0592022223529867,0.19568345537938825,-0.7640416283378322,-4.845593829193984,0.1089442752617451
2024-06-16,-0.7648119186917839,-0.12515288756450005,-0.9713672243801064,-3.2195366517713744,0.049481034599274665
2024-06-17,-0.840220633206421,0.4889358587970065,-1.3567098601934582,-6.531176959843808,0.0064733203369868875
2024-06-18,-0.6940917082814728,0.4004792623370257,-1.0298162134673774,-4.661114107970121,0.04551283689526997
2024-06-19,-1.1643023107126016,0.058873001180939966,-1.3442347504276118,-2.5665282683333484,-0.0018245971068768796
2024-06-20,-0.8862249407350848,0.0619906377337518,-0.646159875839535,-2.4049730889423504,0.024574616224166235
2024-06-21,-0.5374543447126907,-0.02068272627778356,-0.4696630838701825,-0.9759568779865546,0.0206193769692522
2024-06-22,-0.46473592192579893,0.22808627950678328,-0.6331837702035745,-0.5444618050192034,0.027064719969219553
2024-06-23,-0.6362644368033425,-0.06861431184422351,-0.23375761821129082,-0.8677900453537717,-0.005574228340508469
2024-06-24,-1.483345533719591,-0.3143914934241323,-0.6619043231771471,-1.5306140098582723,0.003527206819130768
2024-06-25,-0.9722939177848495,-0.06987460745751939,-0.6289465046982325,-1.531333988626919,-0.014570149035694868
2024-06-26,-1.0061377052178475,-0.47690555625361775,-0.8735121716627816,-0.8254938385955359,0.0018455783671864623
2024-06-27,-0.6798288567737316,-0.10582398011202976,-2.0061451363797183,-0.9844199609944511,0.00044987478720948104
2024-06-28,-0.2962327594321472,0.0657335886275785,-0.3785754912615449,-0.9805674567395481,-0.025907573248979077
2024-06-29,-0.3638306406264604,0.12416048360217324,0.12303467094609566,-0.32414848836210375,-0.15244008989547808
2024-06-30,-0.34882380437728955,0.04977384981594568,-0.17349250143238848,-0.8216665430413723,0.1216375753334269
2024-07-01,-0.35125866400195704,-0.0761162307084966,-0.5734042962227353,-0.8226318239172095,0.03939109334034718
2024-07-02,-0.9165156796517717,-0.5419215473820618,-1.125727336235732,-0.9031200652439821,-0.3805240160174126
2024-07-03,-0.4523354228436247,-0.14696049177029025,-0.9262641362069566,-0.7019329188253263,0.02679990686123901
2024-07-04,-0.521376572168494,-0.3613374870612436,-0.4700372635764509,-0.7422253859884425,-0.09319886547431189
2024-07-05,-0.43448227405687234,-0.3259926498488177,-0.4433111460269199,-0.8915718484931805,-0.0654967742335657
2024-07-06,-0.6903273007565396,-0.36330569562690407,-0.4851404632561902,-0.035983665811341936,-0.12082351978933659
2024-07-07,-0.5779490924153698,-0.20855116249557426,-0.38510806576856815,-0.3267682853337259,-0.10440859978965378
2024-07-08,-0.4502679397019591,-0.49030535771874284,-0.6134483773236177,-0.4781314609181546,-0.22327605410890072
2024-07-09,-0.549905622475146,-0.4169981605651376,-0.5799282531231782,-0.4547479613150127,-0.19118856825900643
2024-07-10,-0.35412874618453216,-0.43705533960340404,-0.6006051163255872,-0.5182490980193784,-0.30220443370160943
2024-07-11,-0.38508405169924487,-0.39914271778351207,-0.8645608165037331,-0.690104039910489,-0.3559062308746075
2024-07-12,0.10576896595282648,-0.05817941671530491,-0.058573021648715695,-0.21103498024447376,-0.10539693020735896
2024-07-13,-0.27060648559648826,-0.29033537369431706,-0.37379848007762106,0.09085677816251625,0.08171806594233466
2024-07-14,-0.20265909587120845,-0.2838275502254515,-0.23295972585672153,-0.09840460176953592,0.010691500533631881
2024-07-15,-0.3256377296944777,-0.5119909600429864,-0.4291329347067414,-0.3390466290205545,-0.3293240496883829
2024-07-16,-0.46974039560961955,-0.6117059531791131,-0.6761558949506519,-0.5341007476866917,-0.3525479679940702
2024-07-17,-0.7048533185445311,-0.6727629361147649,-1.3630351778999543,-0.8106904046650492,-0.5676855897986925
2024-07-18,-0.01432021057411248,-0.22114994747070504,-0.15962007142102053,-0.22235833810046124,0.014591521259797346
2024-07-19,0.41823864925098597,0.08412117159207178,0.30004829532053456,0.33248707326240634,0.3446485944604589
2024-07-20,-0.17613833950840174,-0.34416206163973406,0.13419052719679136,0.04428629251970584,0.1926041358468229
2024-07-21,-0.24807214399725197,-0.2891639180523953,0.15955357609750465,0.11942387637773955,0.18418367094769295
2024-07-22,-0.317373699591764,-0.6718690794287063,-0.35796968179960764,-0.8186423032341423,-0.19400985099967194
2024-07-23,-0.24832246640280609,-0.546106604810765,-0.4373042299671255,-0.393540509450121,-0.11457325228650461
2024-07-24,-0.4113694975160094,-0.7283516739429636,-0.7377630818308578,-0.531350879356685,-0.37073195150071037
2024-07-25,-0.33909855356333907,-0.6746590501041716,-0.11747870350906453,-0.5099058509119612,-0.2143917151135355
2024-07-26,1.683582802469596,1.2732908842769746,1.1944837361927778,1.7703042583069521,0.917504690764158
2024-07-27,-0.2943898219951784,-0.46241991616974687,-0.07408064219416666,0.38049718372493757,-0.10196839051058859
2024-07-28,-0.19409846661368313,-0.20885028683723306,0.05575026754652335,0.3868116998153184,0.09706206124829464
2024-07-29,-0.31927484744210766,-0.7324109331543216,-0.773584580985359,-0.689560652387911,-0.4002374065582863
2024-07-30,-0.2599575762341839,-0.4123305537814197,-0.19016355143349095,-0.4218105522207516,-0.022564592892363677
2024-07-31,-0.47000025301007753,-0.8364543515522254,-0.5336009873087111,-0.3036948526188912,-0.490555270077504
2024-08-01,-0.17703352346959988,-0.4931957614464064,-0.16045369258194242,-0.8324667734922713,-0.18560877853824564
2024-08-02,0.7330836467781623,0.22017752597006357,1.0802569713096641,0.5992082191787045,0.4336143596211173
2024-08-03,-0.18868854078183617,-0.4549891332135143,0.06567734467193631,-0.13115632756867335,-0.10226252000553693
2024-08-04,-0.0812313256292505,-0.25844464626694297,0.3120317053259676,0.20256409149263632,0.1783810895519924
2024-08-05,4.217621631802061,3.803239632071442,3.7572501305659696,2.6808905107509524,1.1078336657000651
2024-08-06,-0.877211613740732,-0.6977069082843688,-0.6561464511159176,-0.5070460026251649,-0.6700899665502895
2024-08-07,0.279434228914031,0.6651836388013681,0.5480984123825721,0.42563011539358975,0.18380283151760857
2024-08-08,-0.5624712424307887,-0.35090038575145144,-0.6539867322577955,-0.6028641370539134,-0.31256437125444414
2024-08-09,-0.24937800470352478,0.10114080384377822,-0.36183088682770403,0.9279554357105351,0.2108058682758287
2024-08-10,-0.3512505428325543,-0.3443563616935492,-0.03557475028653023,0.9560737188536947,-0.2867442255725745
2024-08-11,-0.5111732074030684,-0.07645659207733502,-0.029533890203136792,0.7001727712241976,-0.01504924901268545
2024-08-12,-0.40005588828246097,-0.47867465123076336,-0.11763814778966619,0.2537876063843729,-0.2319974981231283
2024-08-13,-0.14482681708791567,-0.13142409065636862,0.327065180963622,-0.7821285113032719,0.0957460845937117
2024-08-14,-0.46325598316074235,-0.496546211786427,0.03934437235446708,0.17514090718615982,-0.28073271941910605
2024-08-15,-0.42476297062856716,-0.38513562023557846,-1.4239155483973107,-1.928872405235504,-0.20487354505606525
2024-08-16,0.9764712636709962,1.0113332029676183,0.47211638884135354,1.830277329018779,0.5874107811008411
2024-08-17,-0.4432556780235952,-0.24919008632123862,-0.792070217648126,-0.5135882712321482,0.1404620214635628
2024-08-18,-0.41727739111736284,-0.0928867008284211,0.23794786777925658,0.7503200024231447,0.12048580834691691
2024-08-19,-0.6852492616139312,-0.5031584963041116,-1.0167798531809247,-2.637711396087953,-0.10573859167285704
2024-08-20,-0.38527650520908807,-0.4012698851900449,-0.22080961851448322,-0.6905327124990883,-0.013968459922573118
2024-08-21,-0.16605365228843283,-0.3934004164398104,-0.3343279914036916,-0.5407121003802651,-0.37964226987174676
2024-08-22,-0.5236347617339927,-0.4012549169601769,-0.35250105698583845,-0.6187918595543067,-0.2734175314033074
2024-08-23,-0.29359385058944554,-0.5190660874252462,-0.5816885022761618,-0.6268423973686907,-0.21372639034146879
2024-08-24,-0.27122205883828343,-0.32152629363874397,-0.3617245419625199,-0.25749432307609865,0.06272340563233492
2024-08-25,-0.5467811213024838,-0.5517510537311576,-0.3169753771208583,-0.2131744035166161,-0.11901348181915239
2024-08-26,0.034095878443759275,-0.21307812779135027,0.18821764308114908,-0.968602761071951,0.023905740033088207
2024-08-27,-0.4803430445318284,-0.7231044301080907,-0.47192648297105855,-0.8216457733854039,-0.45570841115640803
2024-08-28,-0.3815622641804062,-0.5714027021297863,-0.30406640446158306,-0.7172002709918814,-0.17145912893604276
2024-08-29,-0.41440457118417307,-0.5894067832525636,-0.6474779092776402,-0.7213705329081925,-0.2794323975999209
2024-08-30,-0.200651499390732,-0.5639687306288454,-0.5080435757489337,-1.1683512131953417,-0.18147693384043606
2024-08-31,-0.4035553341672564,-0.6510586047902454,-0.27145264661722734,-0.07610010304438397,-0.2245107732839191
2024-09-01,-0.43701631930577634,-0.5546475060065443,-0.5165210318347988,-0.00809235863851221,-0.23763870648263996
2024-09-02,-1.3366885251796248,-0.9581366921115038,-1.2676908600898908,-1.0982397855336838,-0.4338463418048768
2024-09-03,-0.48057680227931243,-0.8234990028420164,-1.0934498305867102,-0.8676666837798024,-0.528615447458737
2024-09-04,-0.3502280975316303,-0.6804226854065654,-0.43533073430112523,-0.9886327033970623,-0.382325031096709
2024-09-05,-0.2691584213164635,-0.6537888178058147,-0.2044356221702408,-0.9068580659266594,-0.3078256806816313
2024-09-06,0.8533785469197852,0.42559530413099544,0.7510247647758632,-0.5678258335500725,0.6781172332229559
2024-09-07,-0.3194306370765645,-0.5696983375815989,-0.0627282925007453,-0.6283340556331751,-0.0862383209103541
2024-09-08,-0.16687634146438057,-0.41054137622815645,-0.04631927697567306,-0.08512008556287043,0.19933019337367064
2024-09-09,-0.19348701577496819,-0.5516594361064691,-0.5134985093333793,-1.0439156364451172,-0.20798822087253654
2024-09-10,-0.2224748479068417,-0.5878350299216084,-0.5177841950764286,-0.4122169783212648,-0.2368784137625024
2024-09-11,-0.1314398138265549,-0.4927934349552192,-0.4127290210988299,-0.2598310866018867,-0.150025287607237
2024-09-12,2.225594146698711,1.8531132720071355,1.7913241182358366,2.0353520328203167,0.7912399012843192
2024-09-13,-0.31614270583138904,-0.4835098684646404,-0.4191308265375149,-1.6854823255249656,-0.4575580146200373
2024-09-14,0.08379739528526997,0.009291356734010492,0.09200609358174994,-0.05298980441238221,0.32715970543778283
2024-09-15,-0.4384208013938107,-0.71637738325383,-0.6073299535195407,0.11691032723317285,-0.3899080060240099
2024-09-16,-0.35602498641691227,-0.48830206738193205,-0.19408526843997542,-0.830398993215617,-0.1462573836245742
2024-09-17,-0.764902985046831,-0.9630050079022041,-0.8299483669229222,-0.5343612919817602,-0.37545794899053675
2024-09-18,-0.5733705038728871,-0.5801425779774885,-0.3693577133257975,0.2482064305441991,-0.14665454058614635
2024-09-19,-0.5635494379234256,-0.8397941436773877,-0.360106356468739,-0.35079450238069576,-0.4456264307634772
2024-09-20,1.183488705777723,0.7652909688722112,1.262459179053005,0.48898444403365815,1.0349075394366256
2024-09-21,-0.3595840851453662,-0.6134083269391191,-0.12645571689255597,0.5991015826957611,-0.23538819715474624
2024-09-22,-0.09003407635666605,-0.21788593634860476,-0.5314594894607119,0.20070824048090863,0.17819935051138103
2024-09-23,-0.25739426095640994,-0.6526347418171401,-0.7515042481977563,-1.0595962507175987,-0.03435053231645213
2024-09-24,-0.20802333709993803,-0.5521929985836138,-0.24740486843101728,-0.7094174872611365,-0.021617294846821622
2024-09-25,-0.40862523847171417,-0.7854657485694609,-0.45899545173636014,-0.4768949289569573,-0.40133424799319073
2024-09-26,0.2362471594868527,-0.03930275103217795,0.3284731499426705,-0.03505021957093035,0.2088744885695899
2024-09-27,-0.47517642186663167,-0.7462185637686432,-0.6102743728346649,-0.49432550206459425,-0.3581341530350297
2024-09-28,-0.1538077105608675,-0.46798078913961483,-0.023517524073660923,0.09355685356008436,-0.021042487256194065
2024-09-29,-0.23834521059616165,-0.5384276730247937,-0.13028658193414877,0.42356069406396024,-0.012173428753451176
2024-09-30,0.9980210588786402,0.7381916087450193,0.9495136854746242,0.7288121171642228,0.9728522173875724
2024-10-01,-0.441824573652708,-0.6207576942878479,-0.4075275649598531,-0.5929187971354555,-0.16884133424619208
2024-10-02,-0.10422891711140991,-0.3613566363120473,0.04857527933228667,-0.38986140570740524,0.010840423876492977
2024-10-03,2.297208901205405,2.32409058844363,2.122314158890763,1.9986762554015893,1.2858497115207967
2024-10-04,0.3763964320961044,0.06959496776983443,0.030384660166824062,-0.5449945706395241,-0.49638344940390056
2024-10-05,-0.24616032040963276,-0.08875765877278496,0.09542756331260627,0.22124073764440766,0.26967445250552835
2024-10-06,-0.3545880962720105,-0.34002866667077036,0.021858991239209757,-0.16704315622078703,0.1624406400196996
2024-10-07,-0.28237944557271355,-0.2521243653452192,-0.6435402988586212,0.17065146737997594,0.1942618559614715
2024-10-08,-0.06556565946395487,0.06464307489538079,0.4264753804356918,0.6593739495227293,0.1858077465658532
2024-10-09,-0.04328983227899563,-0.2804983665323437,-0.2014960096754752,-0.7680313824083154,-0.16601981438566682
2024-10-10,-0.20215660618939246,-0.24384722017294536,0.15347698919341468,-0.07749166846848432,-0.4802792916862728
2024-10-11,-0.16253623540744577,-0.36002895372919674,-0.20738872573357625,-0.04216864299440992,-0.054601607362842586
2024-10-12,-0.3028795902638777,-0.38698623311729285,0.02724532050845241,0.11724911705255714,-0.02989935043936498
2024-10-13,-0.22030455981638397,-0.36040063826385094,0.31885629569267415,-0.012228511027206679,0.09895327114623242
2024-10-14,-0.06307500061569371,-0.36048280641101016,-0.292122367743481,0.027485847394659757,0.09276765231025408
2024-10-15,-0.2534903384661913,-0.5622327149393147,-0.0004228565028103759,-0.1398114584540906,0.10152646810655952
2024-10-16,-0.19260923123238705,-0.4147381269131287,-0.13562168679346698,0.06203474921727903,-0.10809759290867049
2024-10-17,0.30002455290192565,-0.04571493724641762,0.06932979050541554,-0.14467182862699524,0.21079992499523925
2024-10-18,-0.14474093570280466,-0.45079186371734536,-0.23559738084838422,0.3026640891285606,0.0467671292753149
2024-10-19,-0.09664186320016732,-0.3337267769249461,0.13026608790047334,0.2314408416032272,0.1508178044593098
2024-10-20,-0.31336822613239157,-0.41696144224323994,-0.09908768260400791,0.3471454832188847,-0.05341010279818548
2024-10-21,-0.21804277477374256,-0.6156986419157349,-0.025877538500099106,-0.021117755457011,-0.3052361452762469
2024-10-22,0.808527645820929,0.3325307468345251,1.0284353241306192,0.6705397915769904,0.6589172971226045
2024-10-23,-0.18290439902098754,-0.6218304853086067,-0.21883541916861127,-0.09120497496249413,-0.28113790761650925
2024-10-24,-0.4174797726605899,-0.6698052087273396,-0.4810919014184325,-0.8965200237556896,-0.16302060969060328
2024-10-25,0.24454090325506606,-0.16169167266428275,0.016256414132424624,0.22612669981168665,-0.1561860429171773
2024-10-26,-0.15470442865434997,-0.40961070795653853,0.11807701784718994,-0.04128202731394914,-0.03570449155761324
2024-10-27,-0.20213761944555664,-0.4241528062852389,0.1785084540588926,0.18377161434226785,-0.030105113320555432
2024-10-28,-0.20352025733502188,-0.4500908628959639,-0.19834423537131052,0.23670720974442894,-0.15722641510639868
2024-10-29,-0.2976698027500273,-0.5899567676248232,-0.49594652770741554,-0.08577322420277511,-0.272796603973541
2024-10-30,-1.058860660190991,-0.6094560343716164,-1.0588464597660483,0.15214426018704152,-0.5050537982535577
2024-10-31,-0.4478050606918984,-0.5312302752972453,-1.0693596089397044,-0.4490120581454331,-0.1285649265206068
2024-11-01,-0.7938721809745743,-1.0491251867778288,-0.9751442293702137,-0.5098048481044906,-0.20191281153844187
2024-11-02,-0.6076673483173352,-1.0820102288259186,-0.7945377600636068,-0.03224132903585897,-0.09488951405328372
2024-11-03,-0.3311791226366321,-0.6788580267349698,-0.44932058671573927,-0.36912486934648747,-0.08988138879277052
2024-11-04,0.8384699845149832,0.5800987963055526,0.5917588887223495,0.5284152522409364,0.5435799101384067
2024-11-05,0.33548345806970126,0.0632356063039392,0.25229416621317213,0.2240211954815372,0.19366328862508198
2024-11-06,0.7289682675004698,0.5260756010561796,0.47396829991971146,0.612751230841381,0.6715667932029952
2024-11-07,0.4904897049606518,0.4444039610507282,0.955869908358979,0.38764203719301094,0.44003795651781985
2024-11-08,-0.16457660383972517,-0.2553994825689312,-0.7163679399172445,-0.9380855478063932,0.08509503470878776
2024-11-09,-0.4290841015816138,-0.4910163828751788,-0.4619845400603637,-0.02112004460780348,0.1829845601093325
2024-11-10,-0.41255983106049143,-0.3845441412504478,-0.06360988884098973,-0.16119757895138065,0.026497027519635452
2024-11-11,-0.4702269515500781,-0.6532185580695415,-0.8383101958338575,0.12719108257446088,-0.10405772193968765
2024-11-12,0.1857354073611024,-0.06351394712864433,-0.0338768509325309,0.5399781622356024,0.5811025064431128
2024-11-13,0.7518586625688268,0.5146084204878321,0.17977574352555692,1.1748136018631534,0.7035473373655652
2024-11-14,-0.02860414140401879,-0.31681135482495293,-0.1636343159742637,-0.372001475815507,-0.09733194517779076
2024-11-15,-0.15089209182373509,-0.3819108957992601,-0.2752679727606875,-0.7110062396462755,-0.18299463780958547
2024-11-16,-0.24321781995151248,-0.39195697695852694,-0.10825127865961193,-0.34104638297066714,0.01200029898929067
2024-11-17,-0.1719255258641379,-0.34985377106553095,0.04671519792645462,-0.39927390718416156,-0.10287192406332757
2024-11-18,-0.3258901195600501,-0.6606765732728146,-0.3359805044397888,-0.3628932109860852,-0.15510072430230082
2024-11-19,-0.1647442809387858,-0.49901438980635504,0.1649209782487162,-0.3359707252821167,0.04261308965275212
2024-11-20,-0.3894818889032212,-0.7251512238822837,-0.3723042366786782,-0.549304600947,-0.1928495144259017
2024-11-21,0.040343302132468395,-0.3004904165565794,0.09162703179631038,-0.15987113592634294,-0.14919399537518707
2024-11-22,3.313560678108532,2.9151579930969707,3.221727432894202,3.176610836048633,1.8296241853003927
2024-11-23,-0.4874324071564722,-0.8623534480566306,-0.2684183788928838,-0.13133377041988226,-0.2007885144489876
2024-11-24,-0.7792010688263478,-0.40805392352662473,-0.2188049328999906,-0.047452511129229435,0.047478221955888245
2024-11-25,0.3017640528260621,-0.02751497002676473,-0.031571747749586265,0.4531815929246843,0.55817889156177
2024-11-26,-0.6752937486079542,-0.6667834040062797,-0.3217935525959952,-1.0022814473202502,0.0017550262150827223
2024-11-27,-0.7133418961307303,-0.67946944788366,-0.14621067319335523,1.0562149800223164,-0.17868551921366915
2024-11-28,0.35914701943213423,0.6343815562813209,0.8139490895587684,1.2457056956158894,0.763710408757099
2024-11-29,0.2542337160560564,-0.09869479196603059,-0.10096749836826824,0.6961308665300958,0.3320562593623233
2024-11-30,-0.236995004395828,-0.08848689121872333,-0.17115452393406194,0.4569909066302831,0.3057275808448967
2024-12-01,-0.34249966008139054,-0.21146504122916632,-0.08243797901017835,0.40000033887027264,-0.008855774568781172
2024-12-02,-0.6952399900550024,-0.32946550127818064,-0.5247768568140128,-0.015578361074215508,-0.0050372281928954266
2024-12-03,0.046208521446988726,-0.3009231107749599,-0.24333340398917613,-0.04785858261990228,0.04384561786052288
2024-12-04,-0.31197792476451625,-0.35179470660097323,-0.5555294219773401,-0.6466401902989816,-0.04663516268749213
2024-12-05,0.38667262872667685,0.31645216059107284,0.3597286519943239,0.20880048248757,0.29044208816499584
2024-12-06,-0.023126864837079708,-0.30725610161798933,-0.09867855485844323,-0.24302639940787074,-0.31208448806921574
2024-12-07,-0.08372197394705516,-0.1963451445413984,-0.12224357513437312,0.15970245234649205,0.15482717688798253
2024-12-08,-0.2062507762025625,-0.2867913544162821,0.1859048180071774,0.3322488534661918,0.0445055228085689
2024-12-09,-0.31651844962448195,-0.4346246276617496,-0.9991040632440686,-0.5340959212994374,-0.1418941644507008
2024-12-10,-0.48864590106912686,-0.6830111220490078,-1.1544355216088817,-0.07004210844528558,-0.16757478048075036
2024-12-11,-0.284173910263247,-0.5645930989466983,-0.2735323786055144,-0.16486954476745908,-0.3869300115484382
2024-12-12,-0.34100092996227005,-0.64570991996999,-0.45829188832682277,-0.6695590476750741,-0.09968262890816781
2024-12-13,0.24315354864732797,-0.1262884876995134,0.5255864486100545,0.3457543456282419,0.029031463004978164
2024-12-14,-0.5031270528945786,-0.4485226181729871,0.1614721394957428,0.24040830696698023,-0.031135592839522275
2024-12-15,-0.12760662662268807,-0.25090820948538806,0.14867479080150403,0.14143013499898416,0.11865696593872777
2024-12-16,-0.34960089700048513,-0.6292870007010709,-0.1878666404571927,-0.8832977004207105,-0.15934871230615322
2024-12-17,0.9810034127903275,0.672755939360572,1.2512354332927593,0.9483586308985128,0.5754165314981083
2024-12-18,-0.2234095976254178,-0.5385469222058923,-0.010988143573792186,0.14908515359655716,-0.13195431923580792
2024-12-19,0.21455216137818134,0.33406246731257916,0.16293493871079612,0.2954987704807337,0.3941285835576025
2024-12-20,1.1051878856172639,0.9366867608712521,0.7106049473701255,1.0264707834726519,0.6112247104443469
2024-12-21,0.0686965083024429,-0.02825823314152487,0.11138969616671623,0.3070069276028651,0.2268813112033694
2024-12-22,-0.03211198406744131,-0.247095916401733,0.1583557975644201,0.3582361367721276,0.13511212966891506
2024-12-23,0.20711929665288942,0.08003843478048012,0.3042892737661784,0.07689347197834806,0.007783851365955385
2024-12-24,-0.27586238409761776,-0.2925053466411338,-0.3119998343567225,0.2669993177285175,0.03831508165855446
2024-12-25,-0.4183673757005426,-0.3886525001029604,-0.43576350857500934,-0.12948925261180122,-0.10046269450561773
2024-12-26,-0.412384045788869,-0.5714619195987254,-0.2992997367514292,-0.05154321116164873,-0.12267691444101736
2024-12-27,-0.2102047910126359,-0.5725470951070672,0.01990817103760989,-0.33904199782961264,-0.1839215462920194
2024-12-28,-0.3282182581046573,-0.5094737956737898,-0.03416829800464605,-0.025992940934814968,0.05520943345399587
2024-12-29,-0.3108587242352776,-0.4359813765117213,-0.12933878439451796,0.1137897179757541,0.0029138992209265524
2024-12-30,0.03303432381172833,-0.34722800060763603,0.03628652314650971,0.06749378575630871,0.12121726353187157
