date,close_indice,close_future
2017-08-10,743.41998,745.9
2017-08-11,744.98999,745.7
2017-08-12,744.98999,745.7
2017-08-13,744.98999,745.7
2017-08-14,751.39001,748.9
2017-08-15,746.07001,748.0
2017-08-16,749.37,748.1
2017-08-17,743.20001,744.6
2017-08-18,744.29999,742.9
2017-08-19,744.29999,742.9
2017-08-20,744.29999,742.9
2017-08-21,743.65997,741.8
2017-08-22,738.20001,738.7
2017-08-23,743.09998,738.8
2017-08-24,747.71997,741.6
2017-08-25,751.14001,743.1
2017-08-26,751.14001,743.1
2017-08-27,751.14001,743.1
2017-08-28,758.02002,751.0
2017-08-29,754.59003,747.0
2017-08-30,764.57001,752.6
2017-08-31,770.08002,758.1
2017-09-01,774.06,762.0
2017-09-02,774.06,762.0
2017-09-03,774.06,762.0
2017-09-04,774.06,762.0
2017-09-05,777.02002,763.0
2017-09-06,776.96997,763.5
2017-09-07,779.20001,770.0
2017-09-08,784.73999,775.1
2017-09-09,784.73999,775.1
2017-09-10,784.73999,775.1
2017-09-11,779.58002,769.0
2017-09-12,782.53998,772.6
2017-09-13,786.42999,778.5
2017-09-14,789.40997,784.5
2017-09-15,789.48999,784.5
2017-09-16,789.48999,784.5
2017-09-17,789.48999,784.5
2017-09-18,793.70001,791.9
2017-09-19,792.67999,792.5
2017-09-20,790.47998,789.9
2017-09-21,786.40997,787.2
2017-09-22,789.70001,785.6
2017-09-23,789.70001,785.6
2017-09-24,789.70001,785.6
2017-09-25,789.89001,786.0
2017-09-26,791.04999,787.0
2017-09-27,788.31,787.0
2017-09-28,790.75,788.0
2017-09-29,792.71997,790.3
2017-09-30,792.71997,790.3
2017-10-01,792.71997,790.3
2017-10-02,790.70001,788.3
2017-10-03,787.02002,784.5
2017-10-04,795.76001,792.0
2017-10-05,797.41998,793.0
2017-10-06,800.41998,795.8
2017-10-07,800.41998,795.8
2017-10-08,800.41998,795.8
2017-10-09,801.48999,799.0
2017-10-10,805.29999,802.0
2017-10-11,806.83002,804.2
2017-10-12,809.59998,807.0
2017-10-13,815.46997,814.0
2017-10-14,815.46997,814.0
2017-10-15,815.46997,814.0
2017-10-16,811.84998,813.5
2017-10-17,818.47998,817.4
2017-10-18,816.84003,815.0
2017-10-19,817.39001,817.2
2017-10-20,813.98999,813.9
2017-10-21,813.98999,813.9
2017-10-22,813.98999,813.9
2017-10-23,809.35999,808.2
2017-10-24,815.23999,813.0
2017-10-25,821.45001,820.6
2017-10-26,822.53003,820.8
2017-10-27,834.90997,831.0
2017-10-28,834.90997,831.0
2017-10-29,834.90997,831.0
2017-10-30,837.52002,836.2
2017-10-31,831.62,831.9
2017-11-01,835.38,835.8
2017-11-02,827.65997,830.0
2017-11-03,840.03998,838.0
2017-11-04,840.03998,838.0
2017-11-05,840.03998,838.0
2017-11-06,844.72998,845.0
2017-11-07,846.03003,847.0
2017-11-08,853.57001,857.0
2017-11-09,853.04999,857.3
2017-11-10,858.54999,857.3
2017-11-11,858.54999,857.3
2017-11-12,858.54999,857.3
2017-11-13,868.10999,863.5
2017-11-14,871.08002,869.7
2017-11-15,877.58002,877.0
2017-11-16,890.01001,888.1
2017-11-17,887.40997,903.0
2017-11-18,887.40997,903.0
2017-11-19,887.40997,903.0
2017-11-20,899.31,930.0
2017-11-21,910.53998,958.0
2017-11-22,922.17999,975.0
2017-11-23,922.91998,950.0
2017-11-24,926.21002,938.0
2017-11-25,926.21002,938.0
2017-11-26,926.21002,938.0
2017-11-27,930.90002,946.0
2017-11-28,935.73999,946.5
2017-11-29,946.54999,960.0
2017-11-30,943.04999,958.0
2017-12-01,952.46002,963.6
2017-12-02,952.46002,963.6
2017-12-03,952.46002,963.6
2017-12-04,966.44,988.0
2017-12-05,944.07001,955.0
2017-12-06,939.06,949.0
2017-12-07,928.73999,937.0
2017-12-08,930.25,936.0
2017-12-09,930.25,936.0
2017-12-10,930.25,936.0
2017-12-11,908.28998,900.0
2017-12-12,914.82001,905.0
2017-12-13,913.33002,910.0
2017-12-14,928.21002,928.0
2017-12-15,926.70001,935.0
2017-12-16,926.70001,935.0
2017-12-17,926.70001,935.0
2017-12-18,950.81,958.0
2017-12-19,947.62,942.5
2017-12-20,948.78003,949.0
2017-12-21,936.53003,937.8
2017-12-22,945.88,956.0
2017-12-23,945.88,956.0
2017-12-24,945.88,956.0
2017-12-25,949.28003,961.3
2017-12-26,955.72998,976.0
2017-12-27,958.02002,966.0
2017-12-28,966.90997,977.9
2017-12-29,975.52002,980.0
2017-12-30,975.52002,980.0
2017-12-31,975.52002,980.0
2018-01-01,975.52002,980.0
2018-01-02,992.71997,999.0
2018-01-03,1004.66,1012.8
2018-01-04,1014.15,1023.9
2018-01-05,1007.73,1012.0
2018-01-06,1007.73,1012.0
2018-01-07,1007.73,1012.0
2018-01-08,1023.5,1030.0
2018-01-09,1039.64,1042.0
2018-01-10,1039.7,1040.0
2018-01-11,1047.2,1052.8
2018-01-12,1049.86,1051.5
2018-01-13,1049.86,1051.5
2018-01-14,1049.86,1051.5
2018-01-15,1063.11,1059.0
2018-01-16,1061.78,1058.0
2018-01-17,1030.0,1024.0
2018-01-18,1048.5601,1044.3
2018-01-19,1053.47,1052.5
2018-01-20,1053.47,1052.5
2018-01-21,1053.47,1052.5
2018-01-22,1082.71,1089.8
2018-01-23,1082.71,1100.0
2018-01-24,1082.71,1103.0
2018-01-25,1095.52,1119.0
2018-01-26,1104.42,1111.0
2018-01-27,1104.42,1111.0
2018-01-28,1104.42,1111.0
2018-01-29,1096.78,1093.0
2018-01-30,1099.16,1105.0
2018-01-31,1095.9,1085.0
2018-02-01,1086.9,1080.0
2018-02-02,1090.4,1087.0
2018-02-03,1090.4,1087.0
2018-02-04,1090.4,1087.0
2018-02-05,1035.02,1042.0
2018-02-06,1007.72,1000.0
2018-02-07,1030.91,1020.0
2018-02-08,1013.56,1004.5
2018-02-09,996.77002,1000.0
2018-02-10,996.77002,1000.0
2018-02-11,996.77002,1000.0
2018-02-12,1034.76,1039.0
2018-02-13,1054.09,1053.5
2018-02-14,1054.09,1053.5
2018-02-15,1054.09,1053.5
2018-02-16,1054.09,1053.5
2018-02-17,1054.09,1053.5
2018-02-18,1054.09,1053.5
2018-02-19,1054.09,1053.5
2018-02-20,1054.09,1053.5
2018-02-21,1075.47,1082.0
2018-02-22,1064.28,1059.9
2018-02-23,1089.96,1106.0
2018-02-24,1089.96,1106.0
2018-02-25,1089.96,1106.0
2018-02-26,1099.71,1108.2
2018-02-27,1106.09,1112.0
2018-02-28,1108.23,1105.0
2018-03-01,1105.84,1105.5
2018-03-02,1106.92,1109.0
2018-03-03,1106.92,1109.0
2018-03-04,1106.92,1109.0
2018-03-05,1080.83,1075.5
2018-03-06,1103.3101,1110.0
2018-03-07,1092.17,1087.0
2018-03-08,1105.03,1105.6
2018-03-09,1106.54,1106.0
2018-03-10,1106.54,1106.0
2018-03-11,1106.54,1106.0
2018-03-12,1106.97,1111.8
2018-03-13,1111.38,1116.0
2018-03-14,1115.0,1113.9
2018-03-15,1110.26,1109.5
2018-03-16,1112.9301,1126.6
2018-03-17,1112.9301,1126.6
2018-03-18,1112.9301,1126.6
2018-03-19,1130.26,1131.1
2018-03-20,1134.1899,1132.0
2018-03-21,1147.26,1139.9
2018-03-22,1144.58,1139.0
2018-03-23,1128.9301,1126.0
2018-03-24,1128.9301,1126.0
2018-03-25,1128.9301,1126.0
2018-03-26,1146.73,1140.0
2018-03-27,1150.3,1146.9
2018-03-28,1151.09,1146.5
2018-03-29,1144.74,1142.8
2018-03-30,1153.08,1145.2
2018-03-31,1153.08,1145.2
2018-04-01,1153.08,1145.2
2018-04-02,1171.21,1162.0
2018-04-03,1160.97,1162.6
2018-04-04,1165.75,1162.0
2018-04-05,1169.12,1170.0
2018-04-06,1174.37,1170.0
2018-04-07,1174.37,1170.0
2018-04-08,1174.37,1170.0
2018-04-09,1177.6801,1178.3
2018-04-10,1168.0601,1174.0
2018-04-11,1137.2,1140.0
2018-04-12,1143.5,1141.0
2018-04-13,1134.21,1125.0
2018-04-14,1134.21,1125.0
2018-04-15,1134.21,1125.0
2018-04-16,1128.03,1125.0
2018-04-17,1130.3199,1133.5
2018-04-18,1115.7,1112.2
2018-04-19,1066.09,1065.0
2018-04-20,1089.45,1096.9
2018-04-21,1089.45,1096.9
2018-04-22,1089.45,1096.9
2018-04-23,1055.37,1035.0
2018-04-24,1053.99,1044.0
2018-04-25,1053.99,1044.0
2018-04-26,1018.97,1014.5
2018-04-27,1027.97,1031.0
2018-04-28,1027.97,1031.0
2018-04-29,1027.97,1031.0
2018-04-30,1027.97,1031.0
2018-05-01,1027.97,1031.0
2018-05-02,1012.84,1008.1
2018-05-03,1010.35,1019.0
2018-05-04,1010.89,1013.0
2018-05-05,1010.89,1013.0
2018-05-06,1010.89,1013.0
2018-05-07,1048.03,1056.0
2018-05-08,1047.83,1050.0
2018-05-09,1046.39,1042.0
2018-05-10,1019.69,1014.0
2018-05-11,1030.79,1034.0
2018-05-12,1030.79,1034.0
2018-05-13,1030.79,1034.0
2018-05-14,1051.45,1056.8
2018-05-15,1055.49,1047.0
2018-05-16,1034.3,1032.0
2018-05-17,1007.09,1006.0
2018-05-18,1022.21,1026.9
2018-05-19,1022.21,1026.9
2018-05-20,1022.21,1026.9
2018-05-21,997.21002,992.5
2018-05-22,958.95001,964.0
2018-05-23,968.53998,972.5
2018-05-24,960.54999,957.0
2018-05-25,936.32001,930.0
2018-05-26,936.32001,930.0
2018-05-27,936.32001,930.0
2018-05-28,898.0,883.5
2018-05-29,924.90002,924.0
2018-05-30,918.64001,908.0
2018-05-31,947.31,940.5
2018-06-01,969.15002,957.5
2018-06-02,969.15002,957.5
2018-06-03,969.15002,957.5
2018-06-04,996.66998,980.5
2018-06-05,1007.32,990.0
2018-06-06,1022.72,1019.0
2018-06-07,1026.75,1016.0
2018-06-08,1025.87,1017.9
2018-06-09,1025.87,1017.9
2018-06-10,1025.87,1017.9
2018-06-11,1024.85,1017.1
2018-06-12,1008.76,1005.8
2018-06-13,1018.59,1018.5
2018-06-14,1004.31,1002.0
2018-06-15,1005.04,1008.0
2018-06-16,1005.04,1008.0
2018-06-17,1005.04,1008.0
2018-06-18,970.34998,970.0
2018-06-19,945.10999,937.9
2018-06-20,966.85999,961.0
2018-06-21,955.75,954.0
2018-06-22,973.04999,967.2
2018-06-23,973.04999,967.2
2018-06-24,973.04999,967.2
2018-06-25,982.09003,973.2
2018-06-26,973.90002,968.0
2018-06-27,961.28998,945.0
2018-06-28,947.03003,941.0
2018-06-29,947.54999,943.2
2018-06-30,947.54999,943.2
2018-07-01,947.54999,943.2
2018-07-02,930.12,921.0
2018-07-03,891.96997,890.1
2018-07-04,900.89001,893.0
2018-07-05,883.77002,866.0
2018-07-06,905.62,895.0
2018-07-07,905.62,895.0
2018-07-08,905.62,895.0
2018-07-09,898.72998,884.0
2018-07-10,897.96002,889.0
2018-07-11,881.14001,871.0
2018-07-12,883.87,876.0
2018-07-13,899.45001,902.0
2018-07-14,899.45001,902.0
2018-07-15,899.45001,902.0
2018-07-16,904.17999,908.0
2018-07-17,915.53003,918.0
2018-07-18,935.41998,934.1
2018-07-19,941.09003,941.0
2018-07-20,926.5,945.0
2018-07-21,926.5,945.0
2018-07-22,926.5,945.0
2018-07-23,931.31,925.0
2018-07-24,923.53003,924.0
2018-07-25,915.67999,911.0
2018-07-26,921.33002,919.8
2018-07-27,927.19,925.0
2018-07-28,927.19,925.0
2018-07-29,927.19,925.0
2018-07-30,939.59998,937.5
2018-07-31,944.38,938.5
2018-08-01,939.31,934.0
2018-08-02,937.85999,938.2
2018-08-03,941.12,935.0
2018-08-04,941.12,935.0
2018-08-05,941.12,935.0
2018-08-06,939.84003,934.6
2018-08-07,936.91998,934.5
2018-08-08,945.89001,943.5
2018-08-09,943.90997,940.2
2018-08-10,948.32001,946.5
2018-08-11,948.32001,946.5
2018-08-12,948.32001,946.5
2018-08-13,960.02002,953.0
2018-08-14,965.59998,959.3
2018-08-15,947.82001,946.6
2018-08-16,950.17999,947.0
2018-08-17,949.22998,947.0
2018-08-18,949.22998,947.0
2018-08-19,949.22998,947.0
2018-08-20,945.65002,945.0
2018-08-21,955.27002,958.5
2018-08-22,959.63,957.0
2018-08-23,960.94,960.6
2018-08-24,960.41998,958.5
2018-08-25,960.41998,958.5
2018-08-26,960.41998,958.5
2018-08-27,966.54999,963.2
2018-08-28,971.01001,965.6
2018-08-29,964.98999,962.0
2018-08-30,975.42999,970.5
2018-08-31,969.22998,965.7
2018-09-01,969.22998,965.7
2018-09-02,969.22998,965.7
2018-09-03,969.22998,965.7
2018-09-04,951.14001,956.0
2018-09-05,941.0,944.0
2018-09-06,932.12,934.7
2018-09-07,945.59003,943.5
2018-09-08,945.59003,943.5
2018-09-09,945.59003,943.5
2018-09-10,943.31,936.2
2018-09-11,958.90997,953.1
2018-09-12,958.66998,950.0
2018-09-13,957.16998,953.0
2018-09-14,960.33002,958.5
2018-09-15,960.33002,958.5
2018-09-16,960.33002,958.5
2018-09-17,953.78998,950.5
2018-09-18,959.75,962.0
2018-09-19,962.70001,962.8
2018-09-20,971.17999,971.0
2018-09-21,974.42999,980.0
2018-09-22,974.42999,980.0
2018-09-23,974.42999,980.0
2018-09-24,985.59003,981.5
2018-09-25,985.10999,980.6
2018-09-26,984.39001,981.0
2018-09-27,989.45001,985.8
2018-09-28,994.72998,987.4
2018-09-29,994.72998,987.4
2018-09-30,994.72998,987.4
2018-10-01,990.40997,984.9
2018-10-02,987.88,984.0
2018-10-03,990.59998,986.5
2018-10-04,993.60999,992.0
2018-10-05,980.75,982.6
2018-10-06,980.75,982.6
2018-10-07,980.75,982.6
2018-10-08,970.28003,973.2
2018-10-09,967.37,973.5
2018-10-10,966.27002,971.6
2018-10-11,920.02002,920.2
2018-10-12,943.48999,944.0
2018-10-13,943.48999,944.0
2018-10-14,943.48999,944.0
2018-10-15,928.54999,919.0
2018-10-16,939.40997,935.1
2018-10-17,945.90997,945.5
2018-10-18,937.53998,937.6
2018-10-19,931.69,932.2
2018-10-20,931.69,932.2
2018-10-21,931.69,932.2
2018-10-22,922.75,921.5
2018-10-23,908.0,901.0
2018-10-24,896.5,885.0
2018-10-25,888.85999,886.5
2018-10-26,881.06,870.0
2018-10-27,881.06,870.0
2018-10-28,881.06,870.0
2018-10-29,874.42999,878.0
2018-10-30,874.06,876.0
2018-10-31,901.57001,904.0
2018-11-01,887.71997,884.0
2018-11-02,903.42999,906.5
2018-11-03,903.42999,906.5
2018-11-04,903.42999,906.5
2018-11-05,904.83002,899.0
2018-11-06,899.60999,894.0
2018-11-07,899.25,894.8
2018-11-08,900.40002,893.6
2018-11-09,885.65002,880.0
2018-11-10,885.65002,880.0
2018-11-11,885.65002,880.0
2018-11-12,888.20001,885.0
2018-11-13,873.87,872.8
2018-11-14,871.54999,871.0
2018-11-15,864.97998,866.8
2018-11-16,869.23999,870.0
2018-11-17,869.23999,870.0
2018-11-18,869.23999,870.0
2018-11-19,888.76001,881.0
2018-11-20,893.09003,881.3
2018-11-21,897.09998,895.0
2018-11-22,898.90002,892.0
2018-11-23,890.62,886.8
2018-11-24,890.62,886.8
2018-11-25,890.62,886.8
2018-11-26,895.04999,890.4
2018-11-27,895.29999,884.4
2018-11-28,901.40002,890.3
2018-11-29,897.58002,885.2
2018-11-30,894.78998,887.5
2018-12-01,894.78998,887.5
2018-12-02,894.78998,887.5
2018-12-03,921.71997,915.0
2018-12-04,927.46002,912.8
2018-12-05,925.67999,915.5
2018-12-06,922.85999,909.0
2018-12-07,929.59003,914.1
2018-12-08,929.59003,914.1
2018-12-09,929.59003,914.1
2018-12-10,922.82001,913.9
2018-12-11,922.34003,914.1
2018-12-12,927.70001,920.8
2018-12-13,928.90002,923.9
2018-12-14,918.78998,913.1
2018-12-15,918.78998,913.1
2018-12-16,918.78998,913.1
2018-12-17,901.40997,897.0
2018-12-18,890.67999,894.6
2018-12-19,882.78998,884.5
2018-12-20,877.03003,878.5
2018-12-21,873.09003,879.5
2018-12-22,873.09003,879.5
2018-12-23,873.09003,879.5
2018-12-24,873.64001,877.0
2018-12-25,865.69,867.7
2018-12-26,861.02002,863.0
2018-12-27,865.45001,867.5
2018-12-28,854.98999,855.0
2018-12-29,854.98999,855.0
2018-12-30,854.98999,855.0
2018-12-31,854.98999,855.0
2019-01-01,854.98999,855.0
2019-01-02,855.65997,842.7
2019-01-03,838.78998,824.0
2019-01-04,840.16998,834.0
2019-01-05,840.16998,834.0
2019-01-06,840.16998,834.0
2019-01-07,851.40997,842.0
2019-01-08,845.42999,840.8
2019-01-09,855.51001,847.5
2019-01-10,857.95001,840.5
2019-01-11,860.29999,845.6
2019-01-12,860.29999,845.6
2019-01-13,860.29999,845.6
2019-01-14,859.41998,846.5
2019-01-15,865.09998,860.0
2019-01-16,864.28998,860.7
2019-01-17,853.34003,850.0
2019-01-18,854.78998,841.0
2019-01-19,854.78998,841.0
2019-01-20,854.78998,841.0
2019-01-21,864.09998,862.0
2019-01-22,859.16998,854.0
2019-01-23,861.72998,860.8
2019-01-24,865.52002,861.7
2019-01-25,867.70001,867.9
2019-01-26,867.70001,867.9
2019-01-27,867.70001,867.9
2019-01-28,868.76001,865.0
2019-01-29,872.03003,870.0
2019-01-30,869.15997,868.2
2019-01-31,866.06,866.9
2019-02-01,859.81,868.5
2019-02-02,859.81,868.5
2019-02-03,859.81,868.5
2019-02-04,859.81,868.5
2019-02-05,859.81,868.5
2019-02-06,859.81,868.5
2019-02-07,859.81,868.5
2019-02-08,859.81,868.5
2019-02-09,859.81,868.5
2019-02-10,859.81,868.5
2019-02-11,878.66998,878.0
2019-02-12,888.33002,885.0
2019-02-13,897.41998,894.5
2019-02-14,900.12,892.1
2019-02-15,897.73999,889.6
2019-02-16,897.73999,889.6
2019-02-17,897.73999,889.6
2019-02-18,904.92999,899.5
2019-02-19,907.82001,900.1
2019-02-20,911.79999,908.9
2019-02-21,926.09003,925.0
2019-02-22,929.5,919.4
2019-02-23,929.5,919.4
2019-02-24,929.5,919.4
2019-02-25,939.46997,937.0
2019-02-26,929.51001,922.9
2019-02-27,930.53998,923.0
2019-02-28,904.97998,900.0
2019-03-01,915.32001,910.0
2019-03-02,915.32001,910.0
2019-03-03,915.32001,910.0
2019-03-04,928.41998,926.9
2019-03-05,923.65997,917.5
2019-03-06,923.58002,918.0
2019-03-07,922.28998,908.0
2019-03-08,914.73999,899.0
2019-03-09,914.73999,899.0
2019-03-10,914.73999,899.0
2019-03-11,916.23999,911.8
2019-03-12,929.85999,930.0
2019-03-13,935.40997,927.0
2019-03-14,934.41998,926.0
2019-03-15,927.06,927.0
2019-03-16,927.06,927.0
2019-03-17,927.06,927.0
2019-03-18,932.75,935.1
2019-03-19,927.56,926.1
2019-03-20,924.12,925.2
2019-03-21,907.87,908.0
2019-03-22,912.27002,897.4
2019-03-23,912.27002,897.4
2019-03-24,912.27002,897.4
2019-03-25,893.40002,883.0
2019-03-26,894.58002,880.0
2019-03-27,901.76001,884.0
2019-03-28,901.65002,883.2
2019-03-29,900.13,884.0
2019-03-30,900.13,884.0
2019-03-31,900.13,884.0
2019-04-01,905.87,890.0
2019-04-02,903.59003,885.1
2019-04-03,901.5,888.0
2019-04-04,904.33002,888.0
2019-04-05,904.69,888.0
2019-04-06,904.69,888.0
2019-04-07,904.69,888.0
2019-04-08,906.54999,894.8
2019-04-09,900.07001,887.0
2019-04-10,893.19,885.2
2019-04-11,896.03998,883.1
2019-04-12,893.09998,885.0
2019-04-13,893.09998,885.0
2019-04-14,893.09998,885.0
2019-04-15,893.09998,885.0
2019-04-16,887.76001,885.4
2019-04-17,885.65997,883.0
2019-04-18,877.02002,877.0
2019-04-19,880.52002,866.2
2019-04-20,880.52002,866.2
2019-04-21,880.52002,866.2
2019-04-22,878.22998,861.9
2019-04-23,878.28998,865.5
2019-04-24,888.65002,872.8
2019-04-25,885.65002,868.6
2019-04-26,890.54999,877.0
2019-04-27,890.54999,877.0
2019-04-28,890.54999,877.0
2019-04-29,890.54999,877.0
2019-04-30,890.54999,877.0
2019-05-01,890.54999,877.0
2019-05-02,893.87,877.6
2019-05-03,895.41998,880.0
2019-05-04,895.41998,880.0
2019-05-05,895.41998,880.0
2019-05-06,878.79999,866.6
2019-05-07,877.02002,873.7
2019-05-08,872.78003,873.3
2019-05-09,871.5,871.0
2019-05-10,876.45001,876.7
2019-05-11,876.45001,876.7
2019-05-12,876.45001,876.7
2019-05-13,879.64001,877.3
2019-05-14,882.66998,883.0
2019-05-15,893.21997,892.1
2019-05-16,891.92999,890.0
2019-05-17,890.53003,892.6
2019-05-18,890.53003,892.6
2019-05-19,890.53003,892.6
2019-05-20,901.06,908.9
2019-05-21,901.35999,910.6
2019-05-22,897.65997,908.2
2019-05-23,895.07001,907.9
2019-05-24,884.47998,901.0
2019-05-25,884.47998,901.0
2019-05-26,884.47998,901.0
2019-05-27,889.20001,902.4
2019-05-28,885.27002,903.0
2019-05-29,883.52002,898.0
2019-05-30,883.37,898.9
2019-05-31,876.28998,878.0
2019-06-01,876.28998,878.0
2019-06-02,876.28998,878.0
2019-06-03,864.08002,859.0
2019-06-04,864.34998,865.0
2019-06-05,863.69,866.4
2019-06-06,861.31,866.5
2019-06-07,869.56,874.8
2019-06-08,869.56,874.8
2019-06-09,869.56,874.8
2019-06-10,872.48999,878.5
2019-06-11,870.90997,877.0
2019-06-12,865.41998,868.7
2019-06-13,859.67999,865.0
2019-06-14,861.65002,858.9
2019-06-15,861.65002,858.9
2019-06-16,861.65002,858.9
2019-06-17,852.98999,854.0
2019-06-18,848.16998,851.6
2019-06-19,854.34003,856.8
2019-06-20,864.59003,865.0
2019-06-21,866.53003,885.0
2019-06-22,866.53003,885.0
2019-06-23,866.53003,885.0
2019-06-24,868.94,881.6
2019-06-25,868.5,875.1
2019-06-26,866.81,872.6
2019-06-27,854.40997,856.9
2019-06-28,864.23999,867.9
2019-06-29,864.23999,867.9
2019-06-30,864.23999,867.9
2019-07-01,876.26001,888.4
2019-07-02,872.91998,874.0
2019-07-03,869.58002,874.0
2019-07-04,879.71997,886.0
2019-07-05,880.22998,882.5
2019-07-06,880.22998,882.5
2019-07-07,880.22998,882.5
2019-07-08,870.91998,873.5
2019-07-09,872.21002,874.5
2019-07-10,876.12,877.6
2019-07-11,879.09998,880.0
2019-07-12,874.98999,873.6
2019-07-13,874.98999,873.6
2019-07-14,874.98999,873.6
2019-07-15,873.71002,879.0
2019-07-16,880.90997,880.8
2019-07-17,879.75,878.0
2019-07-18,870.81,870.8
2019-07-19,880.78998,880.5
2019-07-20,880.78998,880.5
2019-07-21,880.78998,880.5
2019-07-22,879.62,874.8
2019-07-23,888.26001,886.0
2019-07-24,887.39001,885.0
2019-07-25,890.40997,885.0
2019-07-26,887.84003,886.2
2019-07-27,887.84003,886.2
2019-07-28,887.84003,886.2
2019-07-29,888.53998,885.9
2019-07-30,877.91998,874.5
2019-07-31,883.19,885.0
2019-08-01,887.39001,882.5
2019-08-02,885.28998,880.5
2019-08-03,885.28998,880.5
2019-08-04,885.28998,880.5
2019-08-05,872.39001,874.0
2019-08-06,866.13,868.0
2019-08-07,868.27002,865.0
2019-08-08,875.81,869.2
2019-08-09,878.62,869.7
2019-08-10,878.62,869.7
2019-08-11,878.62,869.7
2019-08-12,882.22998,874.7
2019-08-13,877.96997,872.1
2019-08-14,880.51001,877.6
2019-08-15,890.78003,890.4
2019-08-16,892.44,879.1
2019-08-17,892.44,879.1
2019-08-18,892.44,879.1
2019-08-19,891.78003,883.5
2019-08-20,894.45001,882.3
2019-08-21,900.53998,887.3
2019-08-22,901.28998,886.6
2019-08-23,900.53003,887.8
2019-08-24,900.53003,887.8
2019-08-25,900.53003,887.8
2019-08-26,892.47998,885.5
2019-08-27,886.90997,881.0
2019-08-28,886.08002,880.9
2019-08-29,889.13,884.6
2019-08-30,892.51001,886.0
2019-08-31,892.51001,886.0
2019-09-01,892.51001,886.0
2019-09-02,892.51001,886.0
2019-09-03,888.96997,883.1
2019-09-04,887.12,887.0
2019-09-05,886.09998,886.0
2019-09-06,885.95001,886.9
2019-09-07,885.95001,886.9
2019-09-08,885.95001,886.9
2019-09-09,885.60999,886.0
2019-09-10,883.03998,882.6
2019-09-11,885.52002,884.7
2019-09-12,894.32001,887.1
2019-09-13,905.04999,901.6
2019-09-14,905.04999,901.6
2019-09-15,905.04999,901.6
2019-09-16,908.59998,902.2
2019-09-17,912.38,908.0
2019-09-18,913.47998,910.5
2019-09-19,918.88,917.1
2019-09-20,915.15997,914.0
2019-09-21,915.15997,914.0
2019-09-22,915.15997,914.0
2019-09-23,909.97998,907.0
2019-09-24,910.76001,909.9
2019-09-25,912.41998,911.1
2019-09-26,918.09998,916.1
2019-09-27,924.83002,923.0
2019-09-28,924.83002,923.0
2019-09-29,924.83002,923.0
2019-09-30,922.89001,922.1
2019-10-01,926.31,930.0
2019-10-02,919.72998,920.8
2019-10-03,921.70001,926.0
2019-10-04,915.15997,918.6
2019-10-05,915.15997,918.6
2019-10-06,915.15997,918.6
2019-10-07,907.5,912.2
2019-10-08,915.27002,916.6
2019-10-09,914.53998,914.8
2019-10-10,913.04999,913.0
2019-10-11,916.67999,915.5
2019-10-12,916.67999,915.5
2019-10-13,916.67999,915.5
2019-10-14,921.90997,922.7
2019-10-15,923.27002,924.2
2019-10-16,924.64001,923.6
2019-10-17,919.09998,918.8
2019-10-18,919.13,921.4
2019-10-19,919.13,921.4
2019-10-20,919.13,921.4
2019-10-21,914.0,918.1
2019-10-22,916.81,919.2
2019-10-23,919.60999,919.5
2019-10-24,925.25,925.8
2019-10-25,927.04999,925.9
2019-10-26,927.04999,925.9
2019-10-27,927.04999,925.9
2019-10-28,925.96997,926.5
2019-10-29,923.96997,926.0
2019-10-30,925.07001,928.4
2019-10-31,922.67999,926.5
2019-11-01,933.54999,933.5
2019-11-02,933.54999,933.5
2019-11-03,933.54999,933.5
2019-11-04,940.25,937.0
2019-11-05,942.34003,938.0
2019-11-06,942.38,937.9
2019-11-07,944.25,941.8
2019-11-08,944.70001,942.5
2019-11-09,944.70001,942.5
2019-11-10,944.70001,942.5
2019-11-11,939.71997,939.2
2019-11-12,939.82001,942.9
2019-11-13,932.59998,937.2
2019-11-14,928.44,934.7
2019-11-15,927.35999,933.8
2019-11-16,927.35999,933.8
2019-11-17,927.35999,933.8
2019-11-18,920.95001,929.0
2019-11-19,926.07001,929.7
2019-11-20,917.0,921.0
2019-11-21,898.22998,899.0
2019-11-22,892.31,901.5
2019-11-23,892.31,901.5
2019-11-24,892.31,901.5
2019-11-25,894.79999,902.9
2019-11-26,897.5,905.5
2019-11-27,895.06,899.5
2019-11-28,885.70001,892.3
2019-11-29,887.46997,891.1
2019-11-30,887.46997,891.1
2019-12-01,887.46997,891.1
2019-12-02,875.09998,878.0
2019-12-03,868.67999,875.1
2019-12-04,883.56,887.8
2019-12-05,879.32001,885.0
2019-12-06,880.42999,884.7
2019-12-07,880.42999,884.7
2019-12-08,880.42999,884.7
2019-12-09,879.94,879.2
2019-12-10,873.15997,877.0
2019-12-11,878.27002,884.0
2019-12-12,884.79999,885.0
2019-12-13,880.54999,881.5
2019-12-14,880.54999,881.5
2019-12-15,880.54999,881.5
2019-12-16,876.65002,877.4
2019-12-17,867.44,868.0
2019-12-18,863.15997,861.5
2019-12-19,862.22998,861.2
2019-12-20,868.37,869.4
2019-12-21,868.37,869.4
2019-12-22,868.37,869.4
2019-12-23,868.20001,868.1
2019-12-24,869.88,871.5
2019-12-25,873.17999,873.8
2019-12-26,872.07001,871.1
2019-12-27,876.38,879.3
2019-12-28,876.38,879.3
2019-12-29,876.38,879.3
2019-12-30,880.28998,878.3
2019-12-31,879.06,876.3
2020-01-01,879.06,876.3
2020-01-02,886.88,886.3
2020-01-03,883.28003,879.5
2020-01-04,883.28003,879.5
2020-01-05,883.28003,879.5
2020-01-06,872.34003,872.0
2020-01-07,876.70001,875.0
2020-01-08,865.17999,863.7
2020-01-09,877.76001,874.8
2020-01-10,885.52002,878.7
2020-01-11,885.52002,878.7
2020-01-12,885.52002,878.7
2020-01-13,881.78998,879.5
2020-01-14,884.77002,882.3
2020-01-15,885.35999,883.8
2020-01-16,891.96002,892.1
2020-01-17,894.84003,893.5
2020-01-18,894.84003,893.5
2020-01-19,894.84003,893.5
2020-01-20,897.40002,896.9
2020-01-21,906.52002,902.2
2020-01-22,909.09003,909.0
2020-01-23,909.09003,909.0
2020-01-24,909.09003,909.0
2020-01-25,909.09003,909.0
2020-01-26,909.09003,909.0
2020-01-27,909.09003,909.0
2020-01-28,909.09003,909.0
2020-01-29,909.09003,909.0
2020-01-30,875.82001,873.0
2020-01-31,848.63,852.0
2020-02-01,848.63,852.0
2020-02-02,848.63,852.0
2020-02-03,842.66998,841.0
2020-02-04,845.52002,842.2
2020-02-05,845.31,841.8
2020-02-06,862.85999,860.5
2020-02-07,863.48999,857.0
2020-02-08,863.48999,857.0
2020-02-09,863.48999,857.0
2020-02-10,852.87,846.1
2020-02-11,856.39001,850.3
2020-02-12,863.22998,856.6
2020-02-13,864.15997,855.1
2020-02-14,865.85999,861.8
2020-02-15,865.85999,861.8
2020-02-16,865.85999,861.8
2020-02-17,866.27002,863.8
2020-02-18,861.71002,856.0
2020-02-19,863.84003,865.8
2020-02-20,871.40002,871.7
2020-02-21,868.89001,862.8
2020-02-22,868.89001,862.8
2020-02-23,868.89001,862.8
2020-02-24,837.40002,829.0
2020-02-25,849.58002,841.0
2020-02-26,841.67999,836.6
2020-02-27,848.34003,847.2
2020-02-28,831.96997,830.1
2020-02-29,831.96997,830.1
2020-03-01,831.96997,830.1
2020-03-02,835.41998,839.6
2020-03-03,837.98999,838.0
2020-03-04,837.98999,841.1
2020-03-05,839.12,836.0
2020-03-06,835.96997,832.3
2020-03-07,835.96997,832.3
2020-03-08,835.96997,832.3
2020-03-09,782.84998,774.1
2020-03-10,789.51001,781.5
2020-03-11,758.15997,745.0
2020-03-12,719.21002,694.0
2020-03-13,716.65002,712.3
2020-03-14,716.65002,712.3
2020-03-15,716.65002,712.3
2020-03-16,698.17999,674.9
2020-03-17,699.72998,700.6
2020-03-18,700.65002,688.0
2020-03-19,679.54999,678.0
2020-03-20,673.70001,672.1
2020-03-21,673.70001,672.1
2020-03-22,673.70001,672.1
2020-03-23,632.85999,625.1
2020-03-24,625.42999,626.0
2020-03-25,652.31,648.3
2020-03-26,646.70001,626.1
2020-03-27,642.22998,615.0
2020-03-28,642.22998,615.0
2020-03-29,642.22998,615.0
2020-03-30,613.02002,583.0
2020-03-31,610.76001,578.7
2020-04-01,628.78998,590.0
2020-04-02,628.78998,590.0
2020-04-03,649.15002,613.9
2020-04-04,649.15002,613.9
2020-04-05,649.15002,613.9
2020-04-06,682.65002,656.8
2020-04-07,693.60999,677.0
2020-04-08,691.16998,675.0
2020-04-09,697.84998,680.2
2020-04-10,695.73999,682.0
2020-04-11,695.73999,682.0
2020-04-12,695.73999,682.0
2020-04-13,706.37,689.7
2020-04-14,713.81,705.2
2020-04-15,722.79999,717.5
2020-04-16,726.57001,725.2
2020-04-17,734.97998,716.5
2020-04-18,734.97998,716.5
2020-04-19,734.97998,716.5
2020-04-20,736.31,710.0
2020-04-21,706.65002,670.1
2020-04-22,714.41998,686.9
2020-04-23,717.48999,678.9
2020-04-24,725.04999,697.1
2020-04-25,725.04999,697.1
2020-04-26,725.04999,697.1
2020-04-27,719.65997,692.5
2020-04-28,715.73999,694.0
2020-04-29,715.33002,702.5
2020-04-30,715.33002,702.5
2020-05-01,715.33002,702.5
2020-05-02,715.33002,702.5
2020-05-03,715.33002,702.5
2020-05-04,709.34998,684.0
2020-05-05,711.01001,695.3
2020-05-06,725.94,718.0
2020-05-07,739.97998,742.0
2020-05-08,760.15002,744.0
2020-05-09,760.15002,744.0
2020-05-10,760.15002,744.0
2020-05-11,777.13,762.2
2020-05-12,782.45001,759.1
2020-05-13,783.69,770.3
2020-05-14,780.72998,768.0
2020-05-15,773.95001,766.7
2020-05-16,773.95001,766.7
2020-05-17,773.95001,766.7
2020-05-18,787.27002,788.0
2020-05-19,799.31,799.5
2020-05-20,803.32001,807.5
2020-05-21,815.54999,864.0
2020-05-22,803.14001,768.9
2020-05-23,803.14001,768.9
2020-05-24,803.14001,768.9
2020-05-25,807.25,782.0
2020-05-26,815.01001,809.4
2020-05-27,801.35999,782.9
2020-05-28,804.06,790.0
2020-05-29,806.22998,785.0
2020-05-30,806.22998,785.0
2020-05-31,806.22998,785.0
2020-06-01,821.46997,811.0
2020-06-02,818.70001,808.1
2020-06-03,824.28998,819.0
2020-06-04,823.77002,815.0
2020-06-05,826.46997,825.0
2020-06-06,826.46997,825.0
2020-06-07,826.46997,825.0
2020-06-08,838.52002,836.5
2020-06-09,837.02002,827.0
2020-06-10,839.10999,839.3
2020-06-11,806.87,795.0
2020-06-12,807.76001,805.0
2020-06-13,807.76001,805.0
2020-06-14,807.76001,805.0
2020-06-15,778.71002,775.0
2020-06-16,798.82001,798.0
2020-06-17,796.42999,800.7
2020-06-18,797.08002,797.1
2020-06-19,808.28003,798.6
2020-06-20,808.28003,798.6
2020-06-21,808.28003,798.6
2020-06-22,809.96997,797.9
2020-06-23,807.60999,796.0
2020-06-24,801.62,785.0
2020-06-25,796.51001,781.0
2020-06-26,795.53003,778.1
2020-06-27,795.53003,778.1
2020-06-28,795.53003,778.1
2020-06-29,774.81,763.0
2020-06-30,770.53003,752.5
2020-07-01,786.82001,768.6
2020-07-02,785.59003,773.0
2020-07-03,789.87,772.8
2020-07-04,789.87,772.8
2020-07-05,789.87,772.8
2020-07-06,803.46002,798.3
2020-07-07,805.67999,794.0
2020-07-08,805.06,802.1
2020-07-09,817.08002,815.2
2020-07-10,809.02002,803.7
2020-07-11,809.02002,803.7
2020-07-12,809.02002,803.7
2020-07-13,806.16998,803.0
2020-07-14,805.37,804.2
2020-07-15,810.15997,817.0
2020-07-16,819.83002,816.0
2020-07-17,814.15997,807.9
2020-07-18,814.15997,807.9
2020-07-19,814.15997,807.9
2020-07-20,803.35999,796.5
2020-07-21,804.70001,805.0
2020-07-22,797.84998,792.0
2020-07-23,800.28998,797.1
2020-07-24,772.28998,765.0
2020-07-25,772.28998,765.0
2020-07-26,772.28998,765.0
2020-07-27,729.92999,711.6
2020-07-28,756.16998,741.7
2020-07-29,735.15997,720.7
2020-07-30,746.02002,730.2
2020-07-31,740.72998,725.0
2020-08-01,740.72998,725.0
2020-08-02,740.72998,725.0
2020-08-03,757.85999,742.0
2020-08-04,768.21997,762.0
2020-08-05,780.71002,777.5
2020-08-06,781.59998,776.0
2020-08-07,782.15002,780.6
2020-08-08,782.15002,780.6
2020-08-09,782.15002,780.6
2020-08-10,784.29999,782.4
2020-08-11,784.57001,787.0
2020-08-12,788.41998,791.0
2020-08-13,795.09003,798.3
2020-08-14,791.97998,793.5
2020-08-15,791.97998,793.5
2020-08-16,791.97998,793.5
2020-08-17,791.53998,792.5
2020-08-18,786.95001,788.0
2020-08-19,789.40997,793.0
2020-08-20,786.10999,785.0
2020-08-21,793.59998,792.9
2020-08-22,793.59998,792.9
2020-08-23,793.59998,792.9
2020-08-24,809.69,815.5
2020-08-25,815.17999,813.0
2020-08-26,812.35999,813.2
2020-08-27,814.54999,819.0
2020-08-28,821.92999,823.0
2020-08-29,821.92999,823.0
2020-08-30,821.92999,823.0
2020-08-31,823.92999,824.1
2020-09-01,832.03003,837.4
2020-09-02,832.03003,837.4
2020-09-03,843.64001,850.0
2020-09-04,840.53998,844.8
2020-09-05,840.53998,844.8
2020-09-06,840.53998,844.8
2020-09-07,824.35999,821.7
2020-09-08,827.57001,829.5
2020-09-09,824.41998,830.0
2020-09-10,825.84998,823.5
2020-09-11,825.56,827.9
2020-09-12,825.56,827.9
2020-09-13,825.56,827.9
2020-09-14,832.23999,834.0
2020-09-15,833.33002,833.0
2020-09-16,834.5,834.6
2020-09-17,831.84003,831.0
2020-09-18,841.26001,846.3
2020-09-19,841.26001,846.3
2020-09-20,841.26001,846.3
2020-09-21,851.53998,848.0
2020-09-22,852.71997,850.0
2020-09-23,858.29999,854.1
2020-09-24,853.21002,853.1
2020-09-25,854.71002,854.9
2020-09-26,854.71002,854.9
2020-09-27,854.71002,854.9
2020-09-28,863.31,862.9
2020-09-29,856.20001,854.1
2020-09-30,858.53998,859.8
2020-10-01,867.58002,867.0
2020-10-02,861.51001,861.5
2020-10-03,861.51001,861.5
2020-10-04,861.51001,861.5
2020-10-05,867.70001,868.8
2020-10-06,871.37,867.7
2020-10-07,870.84998,867.0
2020-10-08,869.82001,868.7
2020-10-09,874.53003,871.6
2020-10-10,874.53003,871.6
2020-10-11,874.53003,871.6
2020-10-12,874.90002,875.0
2020-10-13,878.34998,876.4
2020-10-14,892.15002,894.8
2020-10-15,899.20001,899.2
2020-10-16,901.59003,895.1
2020-10-17,901.59003,895.1
2020-10-18,901.59003,895.1
2020-10-19,903.51001,903.4
2020-10-20,909.48999,911.2
2020-10-21,906.09998,908.5
2020-10-22,918.29999,924.0
2020-10-23,930.29999,935.0
2020-10-24,930.29999,935.0
2020-10-25,930.29999,935.0
2020-10-26,919.56,927.0
2020-10-27,915.46002,920.0
2020-10-28,888.88,895.9
2020-10-29,886.67999,887.5
2020-10-30,892.54999,896.6
2020-10-31,892.54999,896.6
2020-11-01,892.54999,896.6
2020-11-02,899.27002,904.0
2020-11-03,902.14001,908.3
2020-11-04,905.47998,912.3
2020-11-05,903.64001,910.2
2020-11-06,902.90997,908.3
2020-11-07,902.90997,908.3
2020-11-08,902.90997,908.3
2020-11-09,917.41998,923.0
2020-11-10,916.5,921.0
2020-11-11,916.67999,921.4
2020-11-12,923.0,927.9
2020-11-13,931.20001,935.9
2020-11-14,931.20001,935.9
2020-11-15,931.20001,935.9
2020-11-16,915.96997,916.9
2020-11-17,934.65002,938.0
2020-11-18,937.66998,936.0
2020-11-19,944.91998,944.2
2020-11-20,950.89001,952.4
2020-11-21,950.89001,952.4
2020-11-22,950.89001,952.4
2020-11-23,960.03003,959.4
2020-11-24,959.60999,964.0
2020-11-25,960.63,960.0
2020-11-26,964.15997,970.2
2020-11-27,971.10999,974.5
2020-11-28,971.10999,974.5
2020-11-29,971.10999,974.5
2020-11-30,965.89001,966.0
2020-12-01,976.34998,980.3
2020-12-02,979.95001,979.0
2020-12-03,985.44,988.0
2020-12-04,984.34003,987.0
2020-12-05,984.34003,987.0
2020-12-06,984.34003,987.0
2020-12-07,992.01001,994.5
2020-12-08,993.60999,993.0
2020-12-09,1004.03,1008.0
2020-12-10,994.28003,1002.0
2020-12-11,1008.65,1008.1
2020-12-12,1008.65,1008.1
2020-12-13,1008.65,1008.1
2020-12-14,1024.28,1026.0
2020-12-15,1013.02,1014.7
2020-12-16,1029.72,1028.0
2020-12-17,1016.95,1016.3
2020-12-18,1036.65,1043.5
2020-12-19,1036.65,1043.5
2020-12-20,1036.65,1043.5
2020-12-21,1049.71,1057.0
2020-12-22,1052.23,1060.3
2020-12-23,1045.7,1055.0
2020-12-24,1033.95,1042.6
2020-12-25,1052.13,1064.9
2020-12-26,1052.13,1064.9
2020-12-27,1052.13,1064.9
2020-12-28,1054.23,1066.0
2020-12-29,1058.39,1067.1
2020-12-30,1059.16,1070.1
2020-12-31,1070.77,1083.9
2021-01-01,1070.77,1083.9
2021-01-02,1070.77,1083.9
2021-01-03,1070.77,1083.9
2021-01-04,1091.87,1109.4
2021-01-05,1104.3,1111.0
2021-01-06,1113.72,1125.0
2021-01-07,1130.59,1148.9
2021-01-08,1147.86,1176.6
2021-01-09,1147.86,1176.6
2021-01-10,1147.86,1176.6
2021-01-11,1163.4,1193.1
2021-01-12,1169.03,1191.9
2021-01-13,1164.5699,1192.0
2021-01-14,1168.99,1188.9
2021-01-15,1182.2,1190.5
2021-01-16,1182.2,1190.5
2021-01-17,1182.2,1190.5
2021-01-18,1173.34,1177.0
2021-01-19,1107.3199,1104.8
2021-01-20,1116.21,1125.0
2021-01-21,1151.3,1150.7
2021-01-22,1156.58,1173.5
2021-01-23,1156.58,1173.5
2021-01-24,1156.58,1173.5
2021-01-25,1154.29,1173.1
2021-01-26,1125.09,1133.0
2021-01-27,1083.63,1082.2
2021-01-28,1010.75,1006.5
2021-01-29,1048.3101,1076.9
2021-01-30,1048.3101,1076.9
2021-01-31,1048.3101,1076.9
2021-02-01,1029.86,1030.0
2021-02-02,1079.7,1092.0
2021-02-03,1117.98,1124.9
2021-02-04,1117.74,1115.0
2021-02-05,1135.5,1139.9
2021-02-06,1135.5,1139.9
2021-02-07,1135.5,1139.9
2021-02-08,1092.59,1092.0
2021-02-09,1129.49,1130.3
2021-02-10,1129.49,1130.3
2021-02-11,1129.49,1130.3
2021-02-12,1129.49,1130.3
2021-02-13,1129.49,1130.3
2021-02-14,1129.49,1130.3
2021-02-15,1129.49,1130.3
2021-02-16,1129.49,1130.3
2021-02-17,1174.91,1176.6
2021-02-18,1187.9399,1187.3
2021-02-19,1180.59,1178.0
2021-02-20,1180.59,1178.0
2021-02-21,1180.59,1178.0
2021-02-22,1180.55,1173.1
2021-02-23,1182.47,1186.4
2021-02-24,1167.1801,1162.0
2021-02-25,1169.8199,1182.0
2021-02-26,1173.6,1174.0
2021-02-27,1173.6,1174.0
2021-02-28,1173.6,1174.0
2021-03-01,1191.83,1193.0
2021-03-02,1194.71,1194.0
2021-03-03,1195.6,1199.5
2021-03-04,1174.29,1181.3
2021-03-05,1173.83,1169.0
2021-03-06,1173.83,1169.0
2021-03-07,1173.83,1169.0
2021-03-08,1170.0,1165.0
2021-03-09,1163.0,1158.5
2021-03-10,1172.26,1178.9
2021-03-11,1188.71,1191.3
2021-03-12,1187.8101,1190.0
2021-03-13,1187.8101,1190.0
2021-03-14,1187.8101,1190.0
2021-03-15,1190.86,1188.8
2021-03-16,1187.84,1186.2
2021-03-17,1193.45,1197.8
2021-03-18,1211.54,1211.5
2021-03-19,1203.36,1208.0
2021-03-20,1203.36,1208.0
2021-03-21,1203.36,1208.0
2021-03-22,1198.54,1192.4
2021-03-23,1186.98,1184.5
2021-03-24,1165.61,1170.9
2021-03-25,1164.64,1162.0
2021-03-26,1167.1899,1173.0
2021-03-27,1167.1899,1173.0
2021-03-28,1167.1899,1173.0
2021-03-29,1180.0699,1183.0
2021-03-30,1190.86,1191.2
2021-03-31,1196.24,1191.9
2021-04-01,1226.16,1235.5
2021-04-02,1238.03,1234.0
2021-04-03,1238.03,1234.0
2021-04-04,1238.03,1234.0
2021-04-05,1249.9,1257.0
2021-04-06,1255.36,1252.1
2021-04-07,1257.77,1252.0
2021-04-08,1251.8101,1243.2
2021-04-09,1253.26,1251.9
2021-04-10,1253.26,1251.9
2021-04-11,1253.26,1251.9
2021-04-12,1278.1899,1274.6
2021-04-13,1277.35,1271.0
2021-04-14,1290.77,1292.0
2021-04-15,1284.2,1283.9
2021-04-16,1276.87,1273.5
2021-04-17,1276.87,1273.5
2021-04-18,1276.87,1273.5
2021-04-19,1306.22,1312.0
2021-04-20,1312.6801,1300.0
2021-04-21,1312.6801,1300.0
2021-04-22,1271.53,1261.2
2021-04-23,1301.39,1296.7
2021-04-24,1301.39,1296.7
2021-04-25,1301.39,1296.7
2021-04-26,1275.04,1254.0
2021-04-27,1283.8101,1265.0
2021-04-28,1294.0601,1275.0
2021-04-29,1312.28,1301.0
2021-04-30,1312.28,1301.0
2021-05-01,1312.28,1301.0
2021-05-02,1312.28,1301.0
2021-05-03,1312.28,1301.0
2021-05-04,1328.03,1320.0
2021-05-05,1346.89,1335.9
2021-05-06,1344.64,1336.5
2021-05-07,1340.73,1323.8
2021-05-08,1340.73,1323.8
2021-05-09,1340.73,1323.8
2021-05-10,1370.66,1375.0
2021-05-11,1359.1899,1350.1
2021-05-12,1380.17,1382.1
2021-05-13,1370.1801,1363.9
2021-05-14,1380.02,1374.0
2021-05-15,1380.02,1374.0
2021-05-16,1380.02,1374.0
2021-05-17,1371.36,1367.0
2021-05-18,1378.59,1375.0
2021-05-19,1401.71,1404.9
2021-05-20,1424.92,1425.0
2021-05-21,1425.04,1414.0
2021-05-22,1425.04,1414.0
2021-05-23,1425.04,1414.0
2021-05-24,1430.48,1426.0
2021-05-25,1444.01,1438.0
2021-05-26,1455.11,1453.0
2021-05-27,1437.38,1430.0
2021-05-28,1458.78,1462.5
2021-05-29,1458.78,1462.5
2021-05-30,1458.78,1462.5
2021-05-31,1474.78,1479.5
2021-06-01,1482.92,1487.6
2021-06-02,1478.85,1481.8
2021-06-03,1504.37,1504.0
2021-06-04,1508.35,1505.9
2021-06-05,1508.35,1505.9
2021-06-06,1508.35,1505.9
2021-06-07,1484.1,1485.0
2021-06-08,1438.97,1429.9
2021-06-09,1457.76,1459.0
2021-06-10,1451.1801,1453.0
2021-06-11,1487.61,1493.2
2021-06-12,1487.61,1493.2
2021-06-13,1487.61,1493.2
2021-06-14,1495.51,1497.5
2021-06-15,1487.04,1491.0
2021-06-16,1465.58,1468.9
2021-06-17,1461.91,1463.9
2021-06-18,1481.3,1485.0
2021-06-19,1481.3,1485.0
2021-06-20,1481.3,1485.0
2021-06-21,1478.29,1474.1
2021-06-22,1489.24,1490.4
2021-06-23,1489.53,1490.4
2021-06-24,1486.96,1488.0
2021-06-25,1500.3,1505.0
2021-06-26,1500.3,1505.0
2021-06-27,1500.3,1505.0
2021-06-28,1521.41,1523.8
2021-06-29,1529.97,1533.9
2021-06-30,1529.0,1529.2
2021-07-01,1545.14,1549.0
2021-07-02,1554.59,1556.1
2021-07-03,1554.59,1556.1
2021-07-04,1554.59,1556.1
2021-07-05,1557.41,1568.0
2021-07-06,1488.42,1501.0
2021-07-07,1538.77,1535.0
2021-07-08,1521.21,1513.0
2021-07-09,1494.4301,1497.0
2021-07-10,1494.4301,1497.0
2021-07-11,1494.4301,1497.0
2021-07-12,1443.1,1443.9
2021-07-13,1440.87,1446.9
2021-07-14,1410.3,1409.0
2021-07-15,1430.29,1431.8
2021-07-16,1438.05,1440.0
2021-07-17,1438.05,1440.0
2021-07-18,1438.05,1440.0
2021-07-19,1374.15,1368.0
2021-07-20,1411.02,1405.0
2021-07-21,1406.54,1402.0
2021-07-22,1428.48,1427.1
2021-07-23,1401.53,1401.0
2021-07-24,1401.53,1401.0
2021-07-25,1401.53,1401.0
2021-07-26,1403.96,1408.1
2021-07-27,1409.85,1405.3
2021-07-28,1407.5,1407.8
2021-07-29,1427.55,1431.1
2021-07-30,1447.23,1445.0
2021-07-31,1447.23,1445.0
2021-08-01,1447.23,1445.0
2021-08-02,1448.21,1447.9
2021-08-03,1469.87,1475.0
2021-08-04,1472.2,1470.9
2021-08-05,1486.46,1487.1
2021-08-06,1476.79,1472.9
2021-08-07,1476.79,1472.9
2021-08-08,1476.79,1472.9
2021-08-09,1497.83,1500.5
2021-08-10,1494.41,1494.1
2021-08-11,1487.91,1486.0
2021-08-12,1477.0601,1477.1
2021-08-13,1484.25,1485.0
2021-08-14,1484.25,1485.0
2021-08-15,1484.25,1485.0
2021-08-16,1500.77,1503.0
2021-08-17,1494.12,1493.0
2021-08-18,1489.54,1490.9
2021-08-19,1505.01,1500.0
2021-08-20,1450.45,1445.0
2021-08-21,1450.45,1445.0
2021-08-22,1450.45,1445.0
2021-08-23,1412.0,1411.2
2021-08-24,1418.26,1415.1
2021-08-25,1428.51,1431.5
2021-08-26,1412.45,1406.7
2021-08-27,1418.5699,1420.0
2021-08-28,1418.5699,1420.0
2021-08-29,1418.5699,1420.0
2021-08-30,1431.05,1432.9
2021-08-31,1428.66,1427.0
2021-09-01,1426.9399,1428.6
2021-09-02,1426.9399,1428.6
2021-09-03,1426.9399,1428.6
2021-09-04,1426.9399,1428.6
2021-09-05,1426.9399,1428.6
2021-09-06,1441.54,1444.6
2021-09-07,1444.1,1441.0
2021-09-08,1433.71,1431.1
2021-09-09,1447.28,1446.0
2021-09-10,1448.33,1447.1
2021-09-11,1448.33,1447.1
2021-09-12,1448.33,1447.1
2021-09-13,1444.99,1442.0
2021-09-14,1438.16,1436.5
2021-09-15,1444.85,1447.5
2021-09-16,1448.98,1449.8
2021-09-17,1455.59,1456.8
2021-09-18,1455.59,1456.8
2021-09-19,1455.59,1456.8
2021-09-20,1458.66,1452.0
2021-09-21,1446.22,1440.0
2021-09-22,1453.22,1440.8
2021-09-23,1458.23,1450.0
2021-09-24,1459.9399,1449.9
2021-09-25,1459.9399,1449.9
2021-09-26,1459.9399,1449.9
2021-09-27,1439.2,1434.0
2021-09-28,1451.12,1454.4
2021-09-29,1450.52,1449.2
2021-09-30,1453.76,1452.0
2021-10-01,1441.83,1441.0
2021-10-02,1441.83,1441.0
2021-10-03,1441.83,1441.0
2021-10-04,1443.61,1440.3
2021-10-05,1456.21,1449.0
2021-10-06,1461.72,1452.0
2021-10-07,1462.74,1454.8
2021-10-08,1476.54,1474.5
2021-10-09,1476.54,1474.5
2021-10-10,1476.54,1474.5
2021-10-11,1510.27,1513.5
2021-10-12,1509.5699,1510.0
2021-10-13,1505.55,1503.1
2021-10-14,1503.38,1505.9
2021-10-15,1504.84,1504.5
2021-10-16,1504.84,1504.5
2021-10-17,1504.84,1504.5
2021-10-18,1510.49,1510.5
2021-10-19,1507.1899,1510.6
2021-10-20,1505.03,1504.0
2021-10-21,1489.26,1489.0
2021-10-22,1488.71,1492.0
2021-10-23,1488.71,1492.0
2021-10-24,1488.71,1492.0
2021-10-25,1476.97,1478.0
2021-10-26,1482.62,1489.0
2021-10-27,1516.46,1523.3
2021-10-28,1529.26,1532.3
2021-10-29,1532.35,1533.7
2021-10-30,1532.35,1533.7
2021-10-31,1532.35,1533.7
2021-11-01,1516.75,1522.7
2021-11-02,1521.35,1524.1
2021-11-03,1530.65,1528.5
2021-11-04,1528.21,1529.8
2021-11-05,1531.76,1535.1
2021-11-06,1531.76,1535.1
2021-11-07,1531.76,1535.1
2021-11-08,1535.66,1537.7
2021-11-09,1527.13,1525.5
2021-11-10,1523.79,1529.3
2021-11-11,1514.36,1513.0
2021-11-12,1527.9399,1530.7
2021-11-13,1527.9399,1530.7
2021-11-14,1527.9399,1530.7
2021-11-15,1528.6801,1527.8
2021-11-16,1517.22,1517.3
2021-11-17,1519.58,1520.4
2021-11-18,1503.42,1504.1
2021-11-19,1500.05,1502.5
2021-11-20,1500.05,1502.5
2021-11-21,1500.05,1502.5
2021-11-22,1517.04,1512.5
2021-11-23,1533.12,1528.9
2021-11-24,1565.29,1562.1
2021-11-25,1572.46,1566.6
2021-11-26,1566.55,1556.7
2021-11-27,1566.55,1556.7
2021-11-28,1566.55,1556.7
2021-11-29,1553.04,1551.9
2021-11-30,1537.59,1537.1
2021-12-01,1549.8101,1553.9
2021-12-02,1540.88,1540.0
2021-12-03,1503.98,1509.0
2021-12-04,1503.98,1509.0
2021-12-05,1503.98,1509.0
2021-12-06,1480.92,1480.2
2021-12-07,1512.62,1512.0
2021-12-08,1516.16,1511.0
2021-12-09,1529.61,1532.0
2021-12-10,1519.46,1520.5
2021-12-11,1519.46,1520.5
2021-12-12,1519.46,1520.5
2021-12-13,1520.8,1525.9
2021-12-14,1516.4399,1518.5
2021-12-15,1519.42,1520.1
2021-12-16,1510.17,1510.0
2021-12-17,1513.5601,1520.0
2021-12-18,1513.5601,1520.0
2021-12-19,1513.5601,1520.0
2021-12-20,1513.6,1508.0
2021-12-21,1511.48,1512.5
2021-12-22,1504.12,1508.0
2021-12-23,1477.37,1488.2
2021-12-24,1506.67,1509.0
2021-12-25,1506.67,1509.0
2021-12-26,1506.67,1509.0
2021-12-27,1514.55,1516.0
2021-12-28,1523.54,1520.2
2021-12-29,1515.9399,1519.0
2021-12-30,1519.62,1525.5
2021-12-31,1535.71,1537.0
2022-01-01,1535.71,1537.0
2022-01-02,1535.71,1537.0
2022-01-03,1535.71,1537.0
2022-01-04,1558.87,1558.5
2022-01-05,1546.01,1549.0
2022-01-06,1544.95,1545.1
2022-01-07,1532.24,1539.6
2022-01-08,1532.24,1539.6
2022-01-09,1532.24,1539.6
2022-01-10,1514.7,1513.1
2022-01-11,1499.74,1503.6
2022-01-12,1530.04,1528.9
2022-01-13,1526.4301,1525.7
2022-01-14,1523.5699,1520.1
2022-01-15,1523.5699,1520.1
2022-01-16,1523.5699,1520.1
2022-01-17,1478.61,1480.0
2022-01-18,1477.0601,1482.5
2022-01-19,1482.55,1482.0
2022-01-20,1492.8101,1492.6
2022-01-21,1502.16,1498.9
2022-01-22,1502.16,1498.9
2022-01-23,1502.16,1498.9
2022-01-24,1471.3101,1468.2
2022-01-25,1516.16,1503.9
2022-01-26,1525.3101,1519.0
2022-01-27,1516.5699,1512.0
2022-01-28,1532.24,1528.0
2022-01-29,1532.24,1528.0
2022-01-30,1532.24,1528.0
2022-01-31,1532.24,1528.0
2022-02-01,1532.24,1528.0
2022-02-02,1532.24,1528.0
2022-02-03,1532.24,1528.0
2022-02-04,1532.24,1528.0
2022-02-05,1532.24,1528.0
2022-02-06,1532.24,1528.0
2022-02-07,1541.25,1532.8
2022-02-08,1550.46,1535.5
2022-02-09,1552.4399,1541.0
2022-02-10,1548.95,1542.5
2022-02-11,1545.92,1543.0
2022-02-12,1545.92,1543.0
2022-02-13,1545.92,1543.0
2022-02-14,1505.0699,1510.1
2022-02-15,1527.36,1522.0
2022-02-16,1521.47,1521.0
2022-02-17,1540.51,1540.2
2022-02-18,1531.47,1540.2
2022-02-19,1531.47,1540.2
2022-02-20,1531.47,1540.2
2022-02-21,1533.4,1530.0
2022-02-22,1532.36,1517.5
2022-02-23,1538.83,1529.3
2022-02-24,1522.04,1514.7
2022-02-25,1526.5,1517.0
2022-02-26,1526.5,1517.0
2022-02-27,1526.5,1517.0
2022-02-28,1517.1801,1511.2
2022-03-01,1520.12,1515.6
2022-03-02,1498.61,1502.0
2022-03-03,1522.49,1517.5
2022-03-04,1525.34,1513.0
2022-03-05,1525.34,1513.0
2022-03-06,1525.34,1513.0
2022-03-07,1509.12,1504.2
2022-03-08,1490.17,1490.3
2022-03-09,1489.25,1490.8
2022-03-10,1490.24,1490.0
2022-03-11,1477.14,1476.0
2022-03-12,1477.14,1476.0
2022-03-13,1477.14,1476.0
2022-03-14,1461.1,1463.4
2022-03-15,1468.89,1464.5
2022-03-16,1472.6899,1471.8
2022-03-17,1469.92,1472.2
2022-03-18,1476.9399,1472.2
2022-03-19,1476.9399,1472.2
2022-03-20,1476.9399,1472.2
2022-03-21,1502.67,1494.9
2022-03-22,1513.4,1500.0
2022-03-23,1505.59,1497.2
2022-03-24,1497.4399,1494.0
2022-03-25,1498.36,1494.0
2022-03-26,1498.36,1494.0
2022-03-27,1498.36,1494.0
2022-03-28,1484.16,1483.5
2022-03-29,1500.5699,1493.4
2022-03-30,1500.23,1489.8
2022-03-31,1508.53,1496.0
2022-04-01,1542.47,1525.0
2022-04-02,1542.47,1525.0
2022-04-03,1542.47,1525.0
2022-04-04,1548.04,1528.4
2022-04-05,1539.2,1525.3
2022-04-06,1557.11,1540.3
2022-04-07,1541.96,1529.8
2022-04-08,1524.3101,1523.9
2022-04-09,1524.3101,1523.9
2022-04-10,1524.3101,1523.9
2022-04-11,1524.3101,1523.9
2022-04-12,1507.2,1509.4
2022-04-13,1525.39,1519.7
2022-04-14,1518.01,1512.5
2022-04-15,1493.74,1492.6
2022-04-16,1493.74,1492.6
2022-04-17,1493.74,1492.6
2022-04-18,1468.25,1479.0
2022-04-19,1440.61,1457.8
2022-04-20,1435.5,1439.0
2022-04-21,1426.87,1450.0
2022-04-22,1444.3199,1445.0
2022-04-23,1444.3199,1445.0
2022-04-24,1444.3199,1445.0
2022-04-25,1366.39,1353.1
2022-04-26,1396.9,1391.0
2022-04-27,1402.03,1401.0
2022-04-28,1400.88,1392.0
2022-04-29,1417.3101,1409.0
2022-04-30,1417.3101,1409.0
2022-05-01,1417.3101,1409.0
2022-05-02,1417.3101,1409.0
2022-05-03,1417.3101,1409.0
2022-05-04,1389.59,1383.0
2022-05-05,1404.88,1402.5
2022-05-06,1373.21,1362.0
2022-05-07,1373.21,1362.0
2022-05-08,1373.21,1362.0
2022-05-09,1314.04,1308.1
2022-05-10,1345.46,1335.0
2022-05-11,1349.8199,1337.0
2022-05-12,1279.76,1270.0
2022-05-13,1223.76,1225.0
2022-05-14,1223.76,1225.0
2022-05-15,1223.76,1225.0
2022-05-16,1215.08,1212.0
2022-05-17,1279.55,1280.9
2022-05-18,1286.41,1281.0
2022-05-19,1283.55,1283.0
2022-05-20,1282.51,1276.8
2022-05-21,1282.51,1276.8
2022-05-22,1282.51,1276.8
2022-05-23,1255.35,1253.1
2022-05-24,1272.71,1267.0
2022-05-25,1310.7,1299.3
2022-05-26,1309.5,1300.9
2022-05-27,1335.6801,1322.5
2022-05-28,1335.6801,1322.5
2022-05-29,1335.6801,1322.5
2022-05-30,1342.87,1325.6
2022-05-31,1332.59,1320.5
2022-06-01,1335.49,1326.0
2022-06-02,1325.49,1315.0
2022-06-03,1327.4,1318.5
2022-06-04,1327.4,1318.5
2022-06-05,1327.4,1318.5
2022-06-06,1327.04,1315.0
2022-06-07,1324.37,1315.0
2022-06-08,1342.03,1333.0
2022-06-09,1342.92,1335.3
2022-06-10,1325.6899,1311.1
2022-06-11,1325.6899,1311.1
2022-06-12,1325.6899,1311.1
2022-06-13,1260.85,1260.2
2022-06-14,1261.16,1268.3
2022-06-15,1253.09,1251.3
2022-06-16,1280.37,1286.0
2022-06-17,1258.03,1245.2
2022-06-18,1258.03,1245.2
2022-06-19,1258.03,1245.2
2022-06-20,1225.5601,1212.0
2022-06-21,1224.54,1228.0
2022-06-22,1227.1801,1216.0
2022-06-23,1240.58,1227.8
2022-06-24,1235.47,1227.0
2022-06-25,1235.47,1227.0
2022-06-26,1235.47,1227.0
2022-06-27,1256.67,1247.9
2022-06-28,1273.41,1261.0
2022-06-29,1273.4,1260.5
2022-06-30,1248.92,1240.1
2022-07-01,1252.24,1242.0
2022-07-02,1252.24,1242.0
2022-07-03,1252.24,1242.0
2022-07-04,1248.37,1242.0
2022-07-05,1242.05,1234.9
2022-07-06,1211.9399,1218.0
2022-07-07,1229.23,1225.0
2022-07-08,1231.54,1225.0
2022-07-09,1231.54,1225.0
2022-07-10,1231.54,1225.0
2022-07-11,1209.02,1200.7
2022-07-12,1219.4399,1213.5
2022-07-13,1216.9399,1210.0
2022-07-14,1221.9399,1215.7
2022-07-15,1220.14,1210.1
2022-07-16,1220.14,1210.1
2022-07-17,1220.14,1210.1
2022-07-18,1214.28,1215.4
2022-07-19,1211.7,1213.0
2022-07-20,1225.62,1226.1
2022-07-21,1235.25,1234.1
2022-07-22,1228.84,1225.6
2022-07-23,1228.84,1225.6
2022-07-24,1228.84,1225.6
2022-07-25,1222.6,1221.9
2022-07-26,1218.49,1218.9
2022-07-27,1219.4301,1223.0
2022-07-28,1236.14,1231.6
2022-07-29,1232.0,1230.7
2022-07-30,1232.0,1230.7
2022-07-31,1232.0,1230.7
2022-08-01,1256.25,1244.4
2022-08-02,1265.97,1245.9
2022-08-03,1269.83,1250.0
2022-08-04,1277.73,1257.5
2022-08-05,1272.0601,1264.5
2022-08-06,1272.0601,1264.5
2022-08-07,1272.0601,1264.5
2022-08-08,1276.7,1266.0
2022-08-09,1281.4399,1272.7
2022-08-10,1277.15,1270.6
2022-08-11,1272.33,1268.0
2022-08-12,1280.96,1280.1
2022-08-13,1280.96,1280.1
2022-08-14,1280.96,1280.1
2022-08-15,1293.79,1293.0
2022-08-16,1295.1,1296.9
2022-08-17,1300.4,1309.0
2022-08-18,1299.9301,1304.8
2022-08-19,1294.9301,1281.0
2022-08-20,1294.9301,1281.0
2022-08-21,1294.9301,1281.0
2022-08-22,1285.45,1271.0
2022-08-23,1292.0,1283.1
2022-08-24,1296.41,1285.2
2022-08-25,1311.55,1303.0
2022-08-26,1306.8101,1293.0
2022-08-27,1306.8101,1293.0
2022-08-28,1306.8101,1293.0
2022-08-29,1293.25,1286.0
2022-08-30,1298.14,1287.0
2022-08-31,1301.4399,1293.9
2022-09-01,1301.4399,1293.9
2022-09-02,1301.4399,1293.9
2022-09-03,1301.4399,1293.9
2022-09-04,1301.4399,1293.9
2022-09-05,1298.15,1286.0
2022-09-06,1299.0601,1290.0
2022-09-07,1268.95,1265.0
2022-09-08,1265.5699,1264.1
2022-09-09,1275.64,1275.0
2022-09-10,1275.64,1275.0
2022-09-11,1275.64,1275.0
2022-09-12,1275.6,1276.8
2022-09-13,1272.48,1272.0
2022-09-14,1260.88,1259.0
2022-09-15,1262.8199,1262.2
2022-09-16,1252.78,1237.0
2022-09-17,1252.78,1237.0
2022-09-18,1252.78,1237.0
2022-09-19,1229.88,1223.5
2022-09-20,1241.0699,1232.7
2022-09-21,1228.2,1219.6
2022-09-22,1228.9399,1225.0
2022-09-23,1215.41,1210.0
2022-09-24,1215.41,1210.0
2022-09-25,1215.41,1210.0
2022-09-26,1187.22,1192.0
2022-09-27,1182.46,1185.0
2022-09-28,1160.66,1165.0
2022-09-29,1147.4399,1148.0
2022-09-30,1152.01,1150.0
2022-10-01,1152.01,1150.0
2022-10-02,1152.01,1150.0
2022-10-03,1102.0,1102.6
2022-10-04,1097.72,1102.0
2022-10-05,1117.38,1115.2
2022-10-06,1081.36,1080.0
2022-10-07,1039.54,1032.2
2022-10-08,1039.54,1032.2
2022-10-09,1039.54,1032.2
2022-10-10,1038.9301,1032.5
2022-10-11,1001.68,989.0
2022-10-12,1034.9301,1025.1
2022-10-13,1051.24,1039.6
2022-10-14,1061.39,1048.0
2022-10-15,1061.39,1048.0
2022-10-16,1061.39,1048.0
2022-10-17,1047.2,1050.0
2022-10-18,1059.0601,1057.9
2022-10-19,1053.65,1053.0
2022-10-20,1053.26,1058.0
2022-10-21,1010.57,985.0
2022-10-22,1010.57,985.0
2022-10-23,1010.57,985.0
2022-10-24,973.88,942.0
2022-10-25,991.52002,961.0
2022-10-26,990.40997,967.5
2022-10-27,1028.5,1025.0
2022-10-28,1029.49,1016.0
2022-10-29,1029.49,1016.0
2022-10-30,1029.49,1016.0
2022-10-31,1026.84,1024.0
2022-11-01,1038.09,1018.0
2022-11-02,1025.1801,1021.0
2022-11-03,1023.8,1001.1
2022-11-04,997.91998,980.0
2022-11-05,997.91998,980.0
2022-11-06,997.91998,980.0
2022-11-07,972.84998,950.0
2022-11-08,980.09003,972.1
2022-11-09,979.67999,959.0
2022-11-10,936.79999,912.8
2022-11-11,948.85999,938.0
2022-11-12,948.85999,938.0
2022-11-13,948.85999,938.0
2022-11-14,936.31,932.0
2022-11-15,904.77002,895.0
2022-11-16,940.28998,957.6
2022-11-17,971.03998,972.5
2022-11-18,971.20001,963.0
2022-11-19,971.20001,963.0
2022-11-20,971.20001,963.0
2022-11-21,956.89001,938.2
2022-11-22,945.53998,926.0
2022-11-23,938.72998,924.1
2022-11-24,940.76001,938.9
2022-11-25,967.48999,969.0
2022-11-26,967.48999,969.0
2022-11-27,967.48999,969.0
2022-11-28,1004.34,993.7
2022-11-29,1029.04,1015.5
2022-11-30,1049.21,1027.9
2022-12-01,1042.64,1029.0
2022-12-02,1092.99,1101.0
2022-12-03,1092.99,1101.0
2022-12-04,1092.99,1101.0
2022-12-05,1110.9399,1104.0
2022-12-06,1054.0601,1046.0
2022-12-07,1047.58,1053.3
2022-12-08,1062.73,1055.0
2022-12-09,1065.08,1070.0
2022-12-10,1065.08,1070.0
2022-12-11,1065.08,1070.0
2022-12-12,1037.42,1035.2
2022-12-13,1056.4301,1058.0
2022-12-14,1056.17,1059.6
2022-12-15,1068.08,1065.1
2022-12-16,1064.0699,1060.0
2022-12-17,1064.0699,1060.0
2022-12-18,1064.0699,1060.0
2022-12-19,1050.22,1045.0
2022-12-20,1029.79,1027.0
2022-12-21,1033.1,1037.0
2022-12-22,1038.34,1037.7
2022-12-23,1034.13,1034.8
2022-12-24,1034.13,1034.8
2022-12-25,1034.13,1034.8
2022-12-26,987.77002,986.4
2022-12-27,1007.36,1001.0
2022-12-28,1013.95,1008.0
2022-12-29,1008.3,993.0
2022-12-30,1005.19,1004.5
2022-12-31,1005.19,1004.5
2023-01-01,1005.19,1004.5
2023-01-02,1005.19,1004.5
2023-01-03,1047.25,1045.5
2023-01-04,1050.15,1042.7
2023-01-05,1061.9,1053.8
2023-01-06,1057.4,1051.0
2023-01-07,1057.4,1051.0
2023-01-08,1057.4,1051.0
2023-01-09,1061.14,1053.6
2023-01-10,1060.53,1056.6
2023-01-11,1065.22,1062.7
2023-01-12,1066.24,1065.2
2023-01-13,1069.86,1069.1
2023-01-14,1069.86,1069.1
2023-01-15,1069.86,1069.1
2023-01-16,1075.71,1075.2
2023-01-17,1103.73,1107.0
2023-01-18,1115.72,1117.3
2023-01-19,1121.92,1121.0
2023-01-20,1121.92,1121.0
2023-01-21,1121.92,1121.0
2023-01-22,1121.92,1121.0
2023-01-23,1121.92,1121.0
2023-01-24,1121.92,1121.0
2023-01-25,1121.92,1121.0
2023-01-26,1121.92,1121.0
2023-01-27,1130.65,1127.0
2023-01-28,1130.65,1127.0
2023-01-29,1130.65,1127.0
2023-01-30,1113.95,1109.8
2023-01-31,1125.0699,1125.0
2023-02-01,1088.09,1088.5
2023-02-02,1093.48,1088.0
2023-02-03,1085.7,1081.9
2023-02-04,1085.7,1081.9
2023-02-05,1085.7,1081.9
2023-02-06,1094.37,1090.6
2023-02-07,1069.5,1067.3
2023-02-08,1073.38,1072.0
2023-02-09,1059.91,1057.0
2023-02-10,1048.74,1045.0
2023-02-11,1048.74,1045.0
2023-02-12,1048.74,1045.0
2023-02-13,1040.4,1038.6
2023-02-14,1034.9301,1030.9
2023-02-15,1043.34,1037.0
2023-02-16,1055.26,1052.3
2023-02-17,1053.72,1049.0
2023-02-18,1053.72,1049.0
2023-02-19,1053.72,1049.0
2023-02-20,1087.36,1088.0
2023-02-21,1080.9,1076.1
2023-02-22,1051.08,1043.8
2023-02-23,1050.95,1048.0
2023-02-24,1030.42,1020.0
2023-02-25,1030.42,1020.0
2023-02-26,1030.42,1020.0
2023-02-27,1011.46,1011.0
2023-02-28,1014.96,1008.0
2023-03-01,1034.4301,1032.0
2023-03-02,1028.73,1024.0
2023-03-03,1013.35,1005.2
2023-03-04,1013.35,1005.2
2023-03-05,1013.35,1005.2
2023-03-06,1014.26,1010.0
2023-03-07,1027.16,1027.9
2023-03-08,1040.59,1038.0
2023-03-09,1050.28,1050.7
2023-03-10,1047.2,1049.8
2023-03-11,1047.2,1049.8
2023-03-12,1047.2,1049.8
2023-03-13,1050.0699,1048.0
2023-03-14,1037.35,1037.9
2023-03-15,1064.38,1063.0
2023-03-16,1046.99,1043.0
2023-03-17,1047.71,1045.1
2023-03-18,1047.71,1045.1
2023-03-19,1047.71,1045.1
2023-03-20,1024.5,1022.4
2023-03-21,1035.04,1030.5
2023-03-22,1043.14,1034.5
2023-03-23,1046.6,1038.9
2023-03-24,1051.42,1043.1
2023-03-25,1051.42,1043.1
2023-03-26,1051.42,1043.1
2023-03-27,1056.45,1047.3
2023-03-28,1058.8199,1051.5
2023-03-29,1061.45,1056.0
2023-03-30,1067.24,1064.5
2023-03-31,1073.6801,1066.0
2023-04-01,1073.6801,1066.0
2023-04-02,1073.6801,1066.0
2023-04-03,1088.72,1083.0
2023-04-04,1088.34,1080.2
2023-04-05,1089.83,1084.1
2023-04-06,1078.86,1073.0
2023-04-07,1078.88,1075.1
2023-04-08,1078.88,1075.1
2023-04-09,1078.88,1075.1
2023-04-10,1077.41,1072.8
2023-04-11,1081.71,1076.0
2023-04-12,1080.6899,1075.0
2023-04-13,1074.67,1070.0
2023-04-14,1063.4301,1063.1
2023-04-15,1063.4301,1063.1
2023-04-16,1063.4301,1063.1
2023-04-17,1065.02,1064.5
2023-04-18,1064.55,1063.0
2023-04-19,1056.14,1055.0
2023-04-20,1053.61,1053.9
2023-04-21,1046.1801,1040.0
2023-04-22,1046.1801,1040.0
2023-04-23,1046.1801,1040.0
2023-04-24,1046.17,1040.9
2023-04-25,1037.04,1030.7
2023-04-26,1045.24,1037.5
2023-04-27,1041.54,1035.0
2023-04-28,1051.4301,1042.5
2023-04-29,1051.4301,1042.5
2023-04-30,1051.4301,1042.5
2023-05-01,1051.4301,1042.5
2023-05-02,1051.4301,1042.5
2023-05-03,1051.4301,1042.5
2023-05-04,1039.64,1035.0
2023-05-05,1038.46,1033.5
2023-05-06,1038.46,1033.5
2023-05-07,1038.46,1033.5
2023-05-08,1049.72,1041.8
2023-05-09,1049.67,1042.2
2023-05-10,1054.99,1050.6
2023-05-11,1054.9301,1051.6
2023-05-12,1066.4399,1064.9
2023-05-13,1066.4399,1064.9
2023-05-14,1066.4399,1064.9
2023-05-15,1070.9,1066.5
2023-05-16,1069.64,1067.0
2023-05-17,1062.1,1065.0
2023-05-18,1070.76,1074.2
2023-05-19,1068.84,1062.5
2023-05-20,1068.84,1062.5
2023-05-21,1068.84,1062.5
2023-05-22,1073.74,1065.3
2023-05-23,1068.05,1059.5
2023-05-24,1061.55,1056.1
2023-05-25,1062.15,1057.0
2023-05-26,1060.8101,1056.5
2023-05-27,1060.8101,1056.5
2023-05-28,1060.8101,1056.5
2023-05-29,1069.77,1068.0
2023-05-30,1071.8199,1068.2
2023-05-31,1066.33,1062.6
2023-06-01,1068.09,1065.0
2023-06-02,1086.96,1078.8
2023-06-03,1086.96,1078.8
2023-06-04,1086.96,1078.8
2023-06-05,1091.08,1087.2
2023-06-06,1102.3199,1096.1
2023-06-07,1105.6801,1098.0
2023-06-08,1092.46,1089.0
2023-06-09,1100.85,1095.3
2023-06-10,1100.85,1095.3
2023-06-11,1100.85,1095.3
2023-06-12,1109.63,1108.3
2023-06-13,1115.39,1115.5
2023-06-14,1110.6,1112.1
2023-06-15,1108.5699,1109.3
2023-06-16,1109.0601,1102.6
2023-06-17,1109.0601,1102.6
2023-06-18,1109.0601,1102.6
2023-06-19,1098.9399,1096.5
2023-06-20,1104.27,1100.0
2023-06-21,1112.0699,1115.5
2023-06-22,1117.6,1114.0
2023-06-23,1126.76,1119.1
2023-06-24,1126.76,1119.1
2023-06-25,1126.76,1119.1
2023-06-26,1131.23,1123.0
2023-06-27,1134.41,1125.2
2023-06-28,1141.12,1132.4
2023-06-29,1125.29,1115.0
2023-06-30,1123.13,1117.3
2023-07-01,1123.13,1117.3
2023-07-02,1123.13,1117.3
2023-07-03,1123.37,1117.5
2023-07-04,1128.0,1123.0
2023-07-05,1129.76,1124.0
2023-07-06,1119.4399,1116.0
2023-07-07,1129.4301,1125.0
2023-07-08,1129.4301,1125.0
2023-07-09,1129.4301,1125.0
2023-07-10,1143.16,1136.5
2023-07-11,1146.67,1138.0
2023-07-12,1146.54,1141.8
2023-07-13,1156.11,1155.0
2023-07-14,1160.59,1162.1
2023-07-15,1160.59,1162.1
2023-07-16,1160.59,1162.1
2023-07-17,1164.58,1161.8
2023-07-18,1166.8199,1165.0
2023-07-19,1165.1899,1164.1
2023-07-20,1168.26,1165.1
2023-07-21,1186.6,1184.9
2023-07-22,1186.6,1184.9
2023-07-23,1186.6,1184.9
2023-07-24,1193.14,1191.4
2023-07-25,1198.01,1194.0
2023-07-26,1201.4301,1197.0
2023-07-27,1199.6801,1193.8
2023-07-28,1212.45,1210.0
2023-07-29,1212.45,1210.0
2023-07-30,1212.45,1210.0
2023-07-31,1230.8101,1234.2
2023-08-01,1222.1801,1220.0
2023-08-02,1221.3199,1218.0
2023-08-03,1210.8,1208.4
2023-08-04,1231.42,1234.6
2023-08-05,1231.42,1234.6
2023-08-06,1231.42,1234.6
2023-08-07,1250.6801,1250.2
2023-08-08,1247.8101,1248.0
2023-08-09,1239.84,1240.0
2023-08-10,1226.2,1226.0
2023-08-11,1240.77,1239.5
2023-08-12,1240.77,1239.5
2023-08-13,1240.77,1239.5
2023-08-14,1243.4301,1239.1
2023-08-15,1241.24,1241.0
2023-08-16,1256.95,1255.3
2023-08-17,1247.8199,1253.5
2023-08-18,1190.1,1188.0
2023-08-19,1190.1,1188.0
2023-08-20,1190.1,1188.0
2023-08-21,1190.3199,1190.9
2023-08-22,1193.51,1196.0
2023-08-23,1182.97,1180.6
2023-08-24,1201.88,1198.0
2023-08-25,1193.9301,1194.5
2023-08-26,1193.9301,1194.5
2023-08-27,1193.9301,1194.5
2023-08-28,1213.4,1211.0
2023-08-29,1215.47,1211.8
2023-08-30,1225.5601,1224.2
2023-08-31,1234.53,1233.0
2023-09-01,1234.53,1233.0
2023-09-02,1234.53,1233.0
2023-09-03,1234.53,1233.0
2023-09-04,1234.53,1233.0
2023-09-05,1244.64,1242.5
2023-09-06,1260.03,1263.0
2023-09-07,1255.22,1255.2
2023-09-08,1249.14,1249.9
2023-09-09,1249.14,1249.9
2023-09-10,1249.14,1249.9
2023-09-11,1230.71,1233.0
2023-09-12,1255.83,1257.0
2023-09-13,1247.95,1245.0
2023-09-14,1234.0601,1235.0
2023-09-15,1238.8101,1240.5
2023-09-16,1238.8101,1240.5
2023-09-17,1238.8101,1240.5
2023-09-18,1223.7,1222.0
2023-09-19,1225.5,1222.0
2023-09-20,1234.5699,1231.6
2023-09-21,1219.1899,1220.6
2023-09-22,1197.6899,1192.6
2023-09-23,1197.6899,1192.6
2023-09-24,1197.6899,1192.6
2023-09-25,1159.9399,1162.5
2023-09-26,1153.37,1151.6
2023-09-27,1168.6,1163.7
2023-09-28,1164.45,1162.5
2023-09-29,1166.26,1160.6
2023-09-30,1166.26,1160.6
2023-10-01,1166.26,1160.6
2023-10-02,1167.13,1166.8
2023-10-03,1130.89,1131.3
2023-10-04,1138.54,1132.5
2023-10-05,1124.48,1120.0
2023-10-06,1139.78,1138.4
2023-10-07,1139.78,1138.4
2023-10-08,1139.78,1138.4
2023-10-09,1150.37,1145.0
2023-10-10,1160.28,1157.0
2023-10-11,1167.29,1166.0
2023-10-12,1165.49,1161.5
2023-10-13,1166.66,1161.1
2023-10-14,1166.66,1161.1
2023-10-15,1166.66,1161.1
2023-10-16,1153.21,1146.5
2023-10-17,1141.03,1134.9
2023-10-18,1125.5601,1125.0
2023-10-19,1104.89,1112.0
2023-10-20,1123.6899,1117.0
2023-10-21,1123.6899,1117.0
2023-10-22,1123.6899,1117.0
2023-10-23,1106.85,1104.9
2023-10-24,1117.12,1112.0
2023-10-25,1113.3199,1109.2
2023-10-26,1064.95,1060.0
2023-10-27,1067.5699,1068.5
2023-10-28,1067.5699,1068.5
2023-10-29,1067.5699,1068.5
2023-10-30,1047.63,1039.9
2023-10-31,1039.38,1039.7
2023-11-01,1051.65,1047.5
2023-11-02,1087.5,1087.0
2023-11-03,1086.1899,1087.0
2023-11-04,1086.1899,1087.0
2023-11-05,1086.1899,1087.0
2023-11-06,1103.52,1106.0
2023-11-07,1092.71,1095.4
2023-11-08,1129.95,1134.0
2023-11-09,1122.95,1125.0
2023-11-10,1109.05,1108.5
2023-11-11,1109.05,1108.5
2023-11-12,1109.05,1108.5
2023-11-13,1106.72,1107.0
2023-11-14,1119.28,1120.0
2023-11-15,1131.9,1134.0
2023-11-16,1132.6,1125.1
2023-11-17,1103.53,1105.0
2023-11-18,1103.53,1105.0
2023-11-19,1103.53,1105.0
2023-11-20,1102.85,1102.0
2023-11-21,1108.6,1111.0
2023-11-22,1109.8,1112.0
2023-11-23,1082.6801,1080.0
2023-11-24,1087.34,1084.9
2023-11-25,1087.34,1084.9
2023-11-26,1087.34,1084.9
2023-11-27,1078.42,1076.0
2023-11-28,1088.51,1087.0
2023-11-29,1093.16,1092.1
2023-11-30,1081.7,1076.0
2023-12-01,1090.39,1090.1
2023-12-02,1090.39,1090.1
2023-12-03,1090.39,1090.1
2023-12-04,1107.16,1107.0
2023-12-05,1100.42,1099.0
2023-12-06,1109.27,1111.1
2023-12-07,1111.35,1112.0
2023-12-08,1114.89,1112.0
2023-12-09,1114.89,1112.0
2023-12-10,1114.89,1112.0
2023-12-11,1117.34,1117.0
2023-12-12,1121.21,1118.8
2023-12-13,1106.83,1107.0
2023-12-14,1104.49,1103.9
2023-12-15,1097.4,1099.3
2023-12-16,1097.4,1099.3
2023-12-17,1097.4,1099.3
2023-12-18,1084.67,1082.0
2023-12-19,1091.87,1091.3
2023-12-20,1097.01,1096.1
2023-12-21,1097.4301,1094.7
2023-12-22,1097.45,1097.7
2023-12-23,1097.45,1097.7
2023-12-24,1097.45,1097.7
2023-12-25,1111.86,1115.0
2023-12-26,1115.52,1121.5
2023-12-27,1115.9399,1116.9
2023-12-28,1128.51,1132.9
2023-12-29,1131.46,1134.6
2023-12-30,1131.46,1134.6
2023-12-31,1131.46,1134.6
2024-01-01,1131.46,1134.6
2024-01-02,1131.64,1133.5
2024-01-03,1144.85,1148.3
2024-01-04,1156.37,1156.5
2024-01-05,1161.14,1166.0
2024-01-06,1161.14,1166.0
2024-01-07,1161.14,1166.0
2024-01-08,1163.52,1162.0
2024-01-09,1160.21,1163.0
2024-01-10,1162.6801,1163.1
2024-01-11,1163.5601,1168.1
2024-01-12,1163.66,1165.9
2024-01-13,1163.66,1165.9
2024-01-14,1163.66,1165.9
2024-01-15,1161.3,1162.7
2024-01-16,1170.1899,1172.0
2024-01-17,1166.61,1166.0
2024-01-18,1173.91,1172.8
2024-01-19,1185.23,1190.0
2024-01-20,1185.23,1190.0
2024-01-21,1185.23,1190.0
2024-01-22,1189.5601,1194.0
2024-01-23,1183.85,1184.0
2024-01-24,1179.45,1180.7
2024-01-25,1177.52,1180.5
2024-01-26,1182.8199,1187.0
2024-01-27,1182.8199,1187.0
2024-01-28,1182.8199,1187.0
2024-01-29,1179.17,1183.6
2024-01-30,1181.71,1186.0
2024-01-31,1166.33,1171.0
2024-02-01,1173.35,1177.2
2024-02-02,1174.76,1181.1
2024-02-03,1174.76,1181.1
2024-02-04,1174.76,1181.1
2024-02-05,1197.36,1202.5
2024-02-06,1199.17,1203.9
2024-02-07,1212.7,1219.0
2024-02-08,1212.7,1219.0
2024-02-09,1212.7,1219.0
2024-02-10,1212.7,1219.0
2024-02-11,1212.7,1219.0
2024-02-12,1212.7,1219.0
2024-02-13,1212.7,1219.0
2024-02-14,1212.7,1219.0
2024-02-15,1217.12,1217.8
2024-02-16,1224.54,1232.0
2024-02-17,1224.54,1232.0
2024-02-18,1224.54,1232.0
2024-02-19,1240.2,1240.5
2024-02-20,1241.65,1240.2
2024-02-21,1242.08,1240.0
2024-02-22,1239.9,1238.0
2024-02-23,1223.09,1225.1
2024-02-24,1223.09,1225.1
2024-02-25,1223.09,1225.1
2024-02-26,1233.3101,1230.3
2024-02-27,1247.91,1241.0
2024-02-28,1265.35,1266.2
2024-02-29,1265.75,1262.8
2024-03-01,1267.0699,1266.8
2024-03-02,1267.0699,1266.8
2024-03-03,1267.0699,1266.8
2024-03-04,1268.53,1268.4
2024-03-05,1280.17,1278.5
2024-03-06,1271.0699,1266.8
2024-03-07,1276.5601,1273.4
2024-03-08,1250.2,1253.8
2024-03-09,1250.2,1253.8
2024-03-10,1250.2,1253.8
2024-03-11,1235.12,1231.0
2024-03-12,1242.23,1239.8
2024-03-13,1272.28,1271.3
2024-03-14,1260.3199,1260.8
2024-03-15,1256.42,1260.0
2024-03-16,1256.42,1260.0
2024-03-17,1256.42,1260.0
2024-03-18,1235.74,1230.9
2024-03-19,1234.74,1230.0
2024-03-20,1259.0601,1255.5
2024-03-21,1281.5699,1275.7
2024-03-22,1284.14,1284.5
2024-03-23,1284.14,1284.5
2024-03-24,1284.14,1284.5
2024-03-25,1270.0,1268.9
2024-03-26,1286.23,1285.0
2024-03-27,1288.77,1288.0
2024-03-28,1303.2,1306.9
2024-03-29,1296.9,1298.1
2024-03-30,1296.9,1298.1
2024-03-31,1296.9,1298.1
2024-04-01,1292.62,1290.4
2024-04-02,1292.3,1290.0
2024-04-03,1274.27,1271.9
2024-04-04,1267.65,1265.0
2024-04-05,1257.78,1252.1
2024-04-06,1257.78,1252.1
2024-04-07,1257.78,1252.1
2024-04-08,1254.72,1254.2
2024-04-09,1266.92,1264.2
2024-04-10,1263.8199,1260.1
2024-04-11,1262.86,1263.0
2024-04-12,1284.74,1286.0
2024-04-13,1284.74,1286.0
2024-04-14,1284.74,1286.0
2024-04-15,1227.9,1236.3
2024-04-16,1232.7,1230.0
2024-04-17,1210.74,1214.6
2024-04-18,1210.74,1214.6
2024-04-19,1194.03,1191.7
2024-04-20,1194.03,1191.7
2024-04-21,1194.03,1191.7
2024-04-22,1206.64,1205.3
2024-04-23,1200.37,1200.6
2024-04-24,1232.17,1230.5
2024-04-25,1233.72,1227.0
2024-04-26,1240.5,1232.4
2024-04-27,1240.5,1232.4
2024-04-28,1240.5,1232.4
2024-04-29,1240.5,1232.4
2024-04-30,1240.5,1232.4
2024-05-01,1240.5,1232.4
2024-05-02,1247.21,1242.4
2024-05-03,1255.62,1249.6
2024-05-04,1255.62,1249.6
2024-05-05,1255.62,1249.6
2024-05-06,1274.62,1270.0
2024-05-07,1284.85,1276.0
2024-05-08,1284.85,1279.0
2024-05-09,1281.47,1269.0
2024-05-10,1277.47,1270.4
2024-05-11,1277.47,1270.4
2024-05-12,1277.47,1270.4
2024-05-13,1272.53,1266.0
2024-05-14,1277.3101,1274.4
2024-05-15,1289.97,1286.1
2024-05-16,1308.27,1309.8
2024-05-17,1310.15,1307.9
2024-05-18,1310.15,1307.9
2024-05-19,1310.15,1307.9
2024-05-20,1312.55,1310.1
2024-05-21,1308.62,1312.1
2024-05-22,1291.46,1292.2
2024-05-23,1304.76,1300.0
2024-05-24,1283.46,1277.7
2024-05-25,1283.46,1277.7
2024-05-26,1283.46,1277.7
2024-05-27,1284.88,1276.2
2024-05-28,1299.75,1292.5
2024-05-29,1284.02,1277.5
2024-05-30,1279.29,1270.0
2024-05-31,1275.97,1270.0
2024-06-01,1275.97,1270.0
2024-06-02,1275.97,1270.0
2024-06-03,1297.78,1291.5
2024-06-04,1300.99,1295.0
2024-06-05,1299.66,1295.0
2024-06-06,1302.28,1298.7
2024-06-07,1308.03,1308.0
2024-06-08,1308.03,1308.0
2024-06-09,1308.03,1308.0
2024-06-10,1311.1,1310.9
2024-06-11,1308.3,1305.0
2024-06-12,1331.8101,1330.7
2024-06-13,1333.85,1335.0
2024-06-14,1316.46,1317.0
2024-06-15,1316.46,1317.0
2024-06-16,1316.46,1317.0
2024-06-17,1309.7,1308.0
2024-06-18,1309.89,1308.5
2024-06-19,1314.22,1317.0
2024-06-20,1322.36,1323.7
2024-06-21,1319.9301,1320.9
2024-06-22,1319.9301,1320.9
2024-06-23,1319.9301,1320.9
2024-06-24,1289.85,1290.7
2024-06-25,1288.8,1287.7
2024-06-26,1291.3,1290.0
2024-06-27,1289.03,1289.0
2024-06-28,1278.3199,1274.3
2024-06-29,1278.3199,1274.3
2024-06-30,1278.3199,1274.3
2024-07-01,1285.48,1285.0
2024-07-02,1296.0601,1295.2
2024-07-03,1305.5,1307.0
2024-07-04,1310.63,1308.6
2024-07-05,1316.1801,1316.3
2024-07-06,1316.1801,1316.3
2024-07-07,1316.1801,1316.3
2024-07-08,1315.83,1314.0
2024-07-09,1321.78,1320.5
2024-07-10,1310.91,1310.0
2024-07-11,1306.22,1305.7
2024-07-12,1301.8101,1300.0
2024-07-13,1301.8101,1300.0
2024-07-14,1301.8101,1300.0
2024-07-15,1297.8199,1299.0
2024-07-16,1303.3,1302.7
2024-07-17,1305.37,1303.2
2024-07-18,1306.38,1297.5
2024-07-19,1302.3199,1297.1
2024-07-20,1302.3199,1297.1
2024-07-21,1302.3199,1297.1
2024-07-22,1299.3101,1300.0
2024-07-23,1278.67,1284.2
2024-07-24,1280.51,1283.5
2024-07-25,1272.1801,1276.6
2024-07-26,1281.84,1285.0
2024-07-27,1281.84,1285.0
2024-07-28,1281.84,1285.0
2024-07-29,1285.73,1287.8
2024-07-30,1287.8199,1292.4
2024-07-31,1299.09,1304.3
2024-08-01,1272.0,1275.0
2024-08-02,1281.01,1275.9
2024-08-03,1281.01,1275.9
2024-08-04,1281.01,1275.9
2024-08-05,1232.11,1233.0
2024-08-06,1252.8101,1249.6
2024-08-07,1253.58,1250.0
2024-08-08,1243.3101,1240.1
2024-08-09,1264.84,1264.9
2024-08-10,1264.84,1264.9
2024-08-11,1264.84,1264.9
2024-08-12,1271.4399,1270.0
2024-08-13,1268.72,1267.0
2024-08-14,1270.38,1268.0
2024-08-15,1265.3199,1267.7
2024-08-16,1291.6801,1288.0
2024-08-17,1291.6801,1288.0
2024-08-18,1291.6801,1288.0
2024-08-19,1299.04,1298.0
2024-08-20,1305.25,1302.0
2024-08-21,1317.6899,1312.4
2024-08-22,1318.5699,1314.2
2024-08-23,1321.15,1315.3
2024-08-24,1321.15,1315.3
2024-08-25,1321.15,1315.3
2024-08-26,1318.6,1317.0
2024-08-27,1322.28,1321.8
2024-08-28,1323.54,1322.1
2024-08-29,1326.67,1326.8
2024-08-30,1331.52,1332.7
2024-08-31,1331.52,1332.7
2024-09-01,1331.52,1332.7
2024-09-02,1331.52,1332.7
2024-09-03,1331.52,1332.7
2024-09-04,1317.71,1314.0
2024-09-05,1309.05,1307.7
2024-09-06,1315.39,1309.0
2024-09-07,1315.39,1309.0
2024-09-08,1315.39,1309.0
2024-09-09,1307.15,1307.7
2024-09-10,1294.0601,1294.1
2024-09-11,1293.88,1293.0
2024-09-12,1297.61,1297.5
2024-09-13,1294.3,1294.1
2024-09-14,1294.3,1294.1
2024-09-15,1294.3,1294.1
2024-09-16,1281.37,1282.0
2024-09-17,1303.65,1305.8
2024-09-18,1310.94,1311.9
2024-09-19,1318.41,1316.9
2024-09-20,1326.0,1330.0
2024-09-21,1326.0,1330.0
2024-09-22,1326.0,1330.0
2024-09-23,1321.12,1325.5
2024-09-24,1330.87,1335.0
2024-09-25,1344.07,1344.0
2024-09-26,1350.85,1356.4
2024-09-27,1352.57,1355.5
2024-09-28,1352.57,1355.5
2024-09-29,1352.57,1355.5
2024-09-30,1352.56,1357.0
2024-10-01,1358.88,1360.0
2024-10-02,1354.51,1357.1
2024-10-03,1346.46,1349.0
2024-10-04,1336.21,1343.0
2024-10-05,1336.21,1343.0
2024-10-06,1336.21,1343.0
2024-10-07,1335.48,1340.0
2024-10-08,1339.05,1341.7
2024-10-09,1351.97,1358.3
2024-10-10,1360.58,1366.2
2024-10-11,1362.5,1366.6
2024-10-12,1362.5,1366.6
2024-10-13,1362.5,1366.6
2024-10-14,1358.76,1359.0
2024-10-15,1356.09,1358.0
2024-10-16,1354.1,1354.6
2024-10-17,1362.89,1358.3
2024-10-18,1362.69,1365.9
2024-10-19,1362.69,1365.9
2024-10-20,1362.69,1365.9
2024-10-21,1358.03,1363.9
2024-10-22,1348.92,1352.2
2024-10-23,1349.72,1354.0
2024-10-24,1329.62,1338.0
2024-10-25,1325.54,1327.2
2024-10-26,1325.54,1327.2
2024-10-27,1325.54,1327.2
2024-10-28,1328.33,1332.0
2024-10-29,1335.76,1339.4
2024-10-30,1333.85,1342.0
2024-10-31,1338.6,1343.5
2024-11-01,1325.62,1330.4
2024-11-02,1325.62,1330.4
2024-11-03,1325.62,1330.4
2024-11-04,1312.64,1318.5
2024-11-05,1313.35,1319.0
2024-11-06,1329.56,1341.0
2024-11-07,1326.65,1334.7
2024-11-08,1317.34,1324.0
2024-11-09,1317.34,1324.0
2024-11-10,1317.34,1324.0
2024-11-11,1310.46,1320.1
2024-11-12,1301.95,1310.0
2024-11-13,1304.04,1307.3
2024-11-14,1286.65,1292.9
2024-11-15,1271.22,1275.6
2024-11-16,1271.22,1275.6
2024-11-17,1271.22,1275.6
2024-11-18,1270.23,1273.2
2024-11-19,1259.08,1262.3
2024-11-20,1271.73,1270.0
2024-11-21,1286.67,1281.3
2024-11-22,1286.07,1298.0
2024-11-23,1286.07,1298.0
2024-11-24,1286.07,1298.0
2024-11-25,1291.94,1298.4
2024-11-26,1299.22,1307.0
2024-11-27,1301.06,1307.8
2024-11-28,1301.52,1305.5
2024-11-29,1311.26,1318.0
2024-11-30,1311.26,1318.0
2024-12-01,1311.26,1318.0
2024-12-02,1308.83,1313.5
2024-12-03,1309.18,1314.0
2024-12-04,1297.81,1303.0
2024-12-05,1337.55,1345.0
2024-12-06,1337.28,1342.0
2024-12-07,1337.28,1342.0
2024-12-08,1337.28,1342.0
2024-12-09,1336.18,1339.9
2024-12-10,1335.85,1343.0
2024-12-11,1336.48,1338.6
2024-12-12,1335.55,1339.5
2024-12-13,1331.58,1335.0
2024-12-14,1331.58,1335.0
2024-12-15,1331.58,1335.0
2024-12-16,1331.82,1335.0
2024-12-17,1327.63,1331.0
2024-12-18,1329.83,1331.0
2024-12-19,1314.16,1312.3
2024-12-20,1317.77,1321.2
2024-12-21,1317.77,1321.2
2024-12-22,1317.77,1321.2
2024-12-23,1323.02,1328.0
2024-12-24,1323.27,1328.0
2024-12-25,1342.48,1350.1
2024-12-26,1342.68,1350.7
2024-12-27,1346.84,1348.5
2024-12-28,1346.84,1348.5
2024-12-29,1346.84,1348.5
2024-12-30,1347.35,1345.2
2024-12-31,1344.75,1345.5
