Date,open,high,low,Close,Volume
2019-12-31,1000,1000,1000,1000,NaN
2020-01-02,993.98999,993.98999,993.98999,993.98999,NaN
2020-01-03,997.90002,997.90002,997.90002,997.90002,NaN
2020-01-06,996.40997,996.40997,996.40997,996.40997,NaN
2020-01-07,995.48999,995.48999,995.48999,995.48999,NaN
2020-01-08,1001.3,1001.3,1001.3,1001.3,NaN
2020-01-09,1016.9,1016.9,1016.9,1016.9,NaN
2020-01-10,1011,1011,1011,1011,NaN
2020-01-13,1004.88,1004.88,1004.88,1004.88,NaN
2020-01-14,1011.13,1011.13,1011.13,1011.13,NaN
2020-01-15,1011.96,1011.96,1011.96,1011.96,NaN
2020-01-16,1016.08,1016.08,1016.08,1016.08,NaN
2020-01-17,1022.49,1022.49,1022.49,1022.49,NaN
2020-01-20,1022.45,1022.45,1022.45,1022.45,NaN
2020-01-21,1024.58,1024.58,1024.58,1024.58,NaN
2020-01-22,1032.1899,1032.1899,1032.1899,1032.1899,NaN
2020-01-23,1027.34,1027.34,1027.34,1027.34,NaN
2020-01-24,1029.6801,1029.6801,1029.6801,1029.6801,NaN
2020-01-27,1029.04,1029.04,1029.04,1029.04,NaN
2020-01-28,1027.29,1027.29,1027.29,1027.29,NaN
2020-01-29,1023.82,1023.82,1023.82,1023.82,NaN
2020-01-30,1018.34,1018.34,1018.34,1018.34,NaN
2020-01-31,1025.1899,1025.1899,1025.1899,1025.1899,NaN
2020-02-03,1001.3,1001.3,1001.3,1001.3,NaN
2020-02-04,1004.58,1004.58,1004.58,1004.58,NaN
2020-02-05,1006.59,1006.59,1006.59,1006.59,NaN
2020-02-06,995.07001,995.07001,995.07001,995.07001,NaN
2020-02-07,992.71997,992.71997,992.71997,992.71997,NaN
2020-02-10,994.77002,994.77002,994.77002,994.77002,NaN
2020-02-11,980.48999,980.48999,980.48999,980.48999,NaN
2020-02-12,979.44,979.44,979.44,979.44,NaN
2020-02-13,996.75,996.75,996.75,996.75,NaN
2020-02-14,1007.78,1007.78,1007.78,1007.78,NaN
2020-02-17,1007.32,1007.32,1007.32,1007.32,NaN
2020-02-18,999.96002,999.96002,999.96002,999.96002,NaN
2020-02-19,1001.25,1001.25,1001.25,1001.25,NaN
2020-02-20,1001.6,1001.6,1001.6,1001.6,NaN
2020-02-21,1022.08,1022.08,1022.08,1022.08,NaN
2020-02-24,1015.3,1015.3,1015.3,1015.3,NaN
2020-02-25,1019.55,1019.55,1019.55,1019.55,NaN
2020-02-26,1015.75,1015.75,1015.75,1015.75,NaN
2020-02-27,1012.44,1012.44,1012.44,1012.44,NaN
2020-02-28,1001.5,1001.5,1001.5,1001.5,NaN
2020-03-02,994.32001,994.32001,994.32001,994.32001,NaN
2020-03-03,973.75,973.75,973.75,973.75,NaN
2020-03-04,966.31,966.31,966.31,966.31,NaN
2020-03-05,961.79999,961.79999,961.79999,961.79999,NaN
2020-03-06,932.33002,932.33002,932.33002,932.33002,NaN
2020-03-09,874.84003,874.84003,874.84003,874.84003,NaN
2020-03-10,927.29999,927.29999,927.29999,927.29999,NaN
2020-03-11,922.81,922.81,922.81,922.81,NaN
2020-03-12,857.01001,857.01001,857.01001,857.01001,NaN
2020-03-13,855.73999,855.73999,855.73999,855.73999,NaN
2020-03-16,775.17999,775.17999,775.17999,775.17999,NaN
2020-03-17,748.26001,748.26001,748.26001,748.26001,NaN
2020-03-18,720.29999,720.29999,720.29999,720.29999,NaN
2020-03-19,747.75,747.75,747.75,747.75,NaN
2020-03-20,776.58002,776.58002,776.58002,776.58002,NaN
2020-03-23,807.03003,807.03003,807.03003,807.03003,NaN
2020-03-24,825.82001,825.82001,825.82001,825.82001,NaN
2020-03-25,800.96002,800.96002,800.96002,800.96002,NaN
2020-03-26,791.40997,791.40997,791.40997,791.40997,NaN
2020-03-27,788.56,788.56,788.56,788.56,NaN
2020-03-30,787.34998,787.34998,787.34998,787.34998,NaN
2020-03-31,785.42999,785.42999,785.42999,785.42999,NaN
2020-04-01,777.95001,777.95001,777.95001,777.95001,NaN
2020-04-02,773.40002,773.40002,773.40002,773.40002,NaN
2020-04-03,760.08002,760.08002,760.08002,760.08002,NaN
2020-04-06,745.64001,745.64001,745.64001,745.64001,NaN
2020-04-07,729.70001,729.70001,729.70001,729.70001,NaN
2020-04-08,741.54999,741.54999,741.54999,741.54999,NaN
2020-04-09,747.89001,747.89001,747.89001,747.89001,NaN
2020-04-10,753.87,753.87,753.87,753.87,NaN
2020-04-13,757.39001,757.39001,757.39001,757.39001,NaN
2020-04-14,753.53003,753.53003,753.53003,753.53003,NaN
2020-04-15,743.73999,743.73999,743.73999,743.73999,NaN
2020-04-16,739.28003,739.28003,739.28003,739.28003,NaN
2020-04-17,734.91998,734.91998,734.91998,734.91998,NaN
2020-04-20,733.25,733.25,733.25,733.25,NaN
2020-04-21,725.46997,725.46997,725.46997,725.46997,NaN
2020-04-22,725.66998,725.66998,725.66998,725.66998,NaN
2020-04-23,726.87,726.87,726.87,726.87,NaN
2020-04-24,730.33002,730.33002,730.33002,730.33002,NaN
2020-04-27,733.84998,733.84998,733.84998,733.84998,NaN
2020-04-28,742.53998,742.53998,742.53998,742.53998,NaN
2020-04-29,753.40997,753.40997,753.40997,753.40997,NaN
2020-04-30,763.34003,763.34003,763.34003,763.34003,NaN
2020-05-04,767.01001,767.01001,767.01001,767.01001,NaN
2020-05-05,778.51001,778.51001,778.51001,778.51001,NaN
2020-05-06,782.78003,782.78003,782.78003,782.78003,NaN
2020-05-07,788.52002,788.52002,788.52002,788.52002,NaN
2020-05-08,773.35999,773.35999,773.35999,773.35999,NaN
2020-05-11,772.71002,772.71002,772.71002,772.71002,NaN
2020-05-12,756.45001,756.45001,756.45001,756.45001,NaN
2020-05-13,749.06,749.06,749.06,749.06,NaN
2020-05-14,756.16998,756.16998,756.16998,756.16998,NaN
2020-05-15,764.48999,764.48999,764.48999,764.48999,NaN
2020-05-18,778.06,778.06,778.06,778.06,NaN
2020-05-19,771.91998,771.91998,771.91998,771.91998,NaN
2020-05-20,773.81,773.81,773.81,773.81,NaN
2020-05-21,781.83002,781.83002,781.83002,781.83002,NaN
2020-05-22,789.67999,789.67999,789.67999,789.67999,NaN
2020-05-26,804.31,804.31,804.31,804.31,NaN
2020-05-27,812.28998,812.28998,812.28998,812.28998,NaN
2020-05-28,802.81,802.81,802.81,802.81,NaN
2020-05-29,803.70001,803.70001,803.70001,803.70001,NaN
2020-06-01,811.40002,811.40002,811.40002,811.40002,NaN
2020-06-02,817.20001,817.20001,817.20001,817.20001,NaN
2020-06-03,825.22998,825.22998,825.22998,825.22998,NaN
2020-06-04,828.83002,828.83002,828.83002,828.83002,NaN
2020-06-05,821.69,821.69,821.69,821.69,NaN
2020-06-08,823.92999,823.92999,823.92999,823.92999,NaN
2020-06-09,821.03998,821.03998,821.03998,821.03998,NaN
2020-06-10,813.42999,813.42999,813.42999,813.42999,NaN
2020-06-11,808.04999,808.04999,808.04999,808.04999,NaN
2020-06-12,802.17999,802.17999,802.17999,802.17999,NaN
2020-06-15,810.57001,810.57001,810.57001,810.57001,NaN
2020-06-16,816.53003,816.53003,816.53003,816.53003,NaN
2020-06-17,848.03003,848.03003,848.03003,848.03003,NaN
2020-06-18,842.5,842.5,842.5,842.5,NaN
2020-06-19,841.57001,841.57001,841.57001,841.57001,NaN
2020-06-22,843.23999,843.23999,843.23999,843.23999,NaN
2020-06-23,838.88,838.88,838.88,838.88,NaN
2020-06-24,835.91998,835.91998,835.91998,835.91998,NaN
2020-06-25,830.90997,830.90997,830.90997,830.90997,NaN
2020-06-26,821.71002,821.71002,821.71002,821.71002,NaN
2020-06-29,818.97998,818.97998,818.97998,818.97998,NaN
2020-06-30,827.21997,827.21997,827.21997,827.21997,NaN
2020-07-01,830.59003,830.59003,830.59003,830.59003,NaN
2020-07-02,829.84998,829.84998,829.84998,829.84998,NaN
2020-07-03,832.07001,832.07001,832.07001,832.07001,NaN
2020-07-06,828.26001,828.26001,828.26001,828.26001,NaN
2020-07-07,828.14001,828.14001,828.14001,828.14001,NaN
2020-07-08,827.01001,827.01001,827.01001,827.01001,NaN
2020-07-09,831.08002,831.08002,831.08002,831.08002,NaN
2020-07-10,824.52002,824.52002,824.52002,824.52002,NaN
2020-07-13,826.46997,826.46997,826.46997,826.46997,NaN
2020-07-14,824.22998,824.22998,824.22998,824.22998,NaN
2020-07-15,834.04999,834.04999,834.04999,834.04999,NaN
2020-07-16,836.28998,836.28998,836.28998,836.28998,NaN
2020-07-17,835.78003,835.78003,835.78003,835.78003,NaN
2020-07-20,834.84003,834.84003,834.84003,834.84003,NaN
2020-07-21,830.84998,830.84998,830.84998,830.84998,NaN
2020-07-22,830.22998,830.22998,830.22998,830.22998,NaN
2020-07-23,829.92999,829.92999,829.92999,829.92999,NaN
2020-07-24,829.06,829.06,829.06,829.06,NaN
2020-07-27,827.34998,827.34998,827.34998,827.34998,NaN
2020-07-28,830.04999,830.04999,830.04999,830.04999,NaN
2020-07-29,829.21002,829.21002,829.21002,829.21002,NaN
2020-08-03,818.96002,818.96002,818.96002,818.96002,NaN
2020-08-04,823.28003,823.28003,823.28003,823.28003,NaN
2020-08-05,825.27002,825.27002,825.27002,825.27002,NaN
2020-08-06,829.22998,829.22998,829.22998,829.22998,NaN
2020-08-07,831.53003,831.53003,831.53003,831.53003,NaN
2020-08-10,832.97998,832.97998,832.97998,832.97998,NaN
2020-08-11,832.56,832.56,832.56,832.56,NaN
2020-08-12,834.94,834.94,834.94,834.94,NaN
2020-08-13,838.48999,838.48999,838.48999,838.48999,NaN
2020-08-17,837.35999,837.35999,837.35999,837.35999,NaN
2020-08-18,836.71997,836.71997,836.71997,836.71997,NaN
2020-08-19,835.5,835.5,835.5,835.5,NaN
2020-08-24,834.12,834.12,834.12,834.12,NaN
2020-08-25,833.23999,833.23999,833.23999,833.23999,NaN
2020-08-26,830.38,830.38,830.38,830.38,NaN
2020-08-27,824.35999,824.35999,824.35999,824.35999,NaN
2020-08-28,816.84003,816.84003,816.84003,816.84003,NaN
2020-08-31,822.89001,822.89001,822.89001,822.89001,NaN
2020-09-01,836.41998,836.41998,836.41998,836.41998,NaN
2020-09-02,836.96997,836.96997,836.96997,836.96997,NaN
2020-09-03,836.71002,836.71002,836.71002,836.71002,NaN
2020-09-04,828.21997,828.21997,828.21997,828.21997,NaN
2020-09-07,832.62,832.62,832.62,832.62,NaN
2020-09-08,828.54999,828.54999,828.54999,828.54999,NaN
2020-09-09,831,831,831,831,NaN
2020-09-10,833.33002,833.33002,833.33002,833.33002,NaN
2020-09-11,832.22998,832.22998,832.22998,832.22998,NaN
2020-09-14,824.90002,824.90002,824.90002,824.90002,NaN
2020-09-15,821.87,821.87,821.87,821.87,NaN
2020-09-16,820.10999,820.10999,820.10999,820.10999,NaN
2020-09-17,818.15002,818.15002,818.15002,818.15002,NaN
2020-09-18,818.85999,818.85999,818.85999,818.85999,NaN
2020-09-21,823.12,823.12,823.12,823.12,NaN
2020-09-22,822.59003,822.59003,822.59003,822.59003,NaN
2020-09-23,822.27002,822.27002,822.27002,822.27002,NaN
2020-09-24,813.31,813.31,813.31,813.31,NaN
2020-09-25,810.77002,810.77002,810.77002,810.77002,NaN
2020-09-28,814.02002,814.02002,814.02002,814.02002,NaN
2020-09-29,813.45001,813.45001,813.45001,813.45001,NaN
2020-09-30,813.5,813.5,813.5,813.5,NaN
2020-10-01,815.59003,815.59003,815.59003,815.59003,NaN
2020-10-02,822.96002,822.96002,822.96002,822.96002,NaN
2020-10-05,824.39001,824.39001,824.39001,824.39001,NaN
2020-10-06,830.65997,830.65997,830.65997,830.65997,NaN
2020-10-07,833.85999,833.85999,833.85999,833.85999,NaN
2020-10-08,830.78998,830.78998,830.78998,830.78998,NaN
2020-10-09,833.39001,833.39001,833.39001,833.39001,NaN
2020-10-12,833.17999,833.17999,833.17999,833.17999,NaN
2020-10-13,835.53998,835.53998,835.53998,835.53998,NaN
2020-10-14,850.13,850.13,850.13,850.13,NaN
2020-10-15,848.20001,848.20001,848.20001,848.20001,NaN
2020-10-16,843.14001,843.14001,843.14001,843.14001,NaN
2020-10-19,839.54999,839.54999,839.54999,839.54999,NaN
2020-10-20,841.64001,841.64001,841.64001,841.64001,NaN
2020-10-21,843.56,843.56,843.56,843.56,NaN
2020-10-22,847.31,847.31,847.31,847.31,NaN
2020-10-23,854.19,854.19,854.19,854.19,NaN
2020-10-26,853.54999,853.54999,853.54999,853.54999,NaN
2020-10-27,853.23999,853.23999,853.23999,853.23999,NaN
2020-10-28,854.75,854.75,854.75,854.75,NaN
2020-11-02,846.12,846.12,846.12,846.12,NaN
2020-11-03,845.12,845.12,845.12,845.12,NaN
2020-11-04,844.37,844.37,844.37,844.37,NaN
2020-11-05,844.90002,844.90002,844.90002,844.90002,NaN
2020-11-09,862.58002,862.58002,862.58002,862.58002,NaN
2020-11-10,866.79999,866.79999,866.79999,866.79999,NaN
2020-11-11,864.94,864.94,864.94,864.94,NaN
2020-11-12,866.96997,866.96997,866.96997,866.96997,NaN
2020-11-13,871.72998,871.72998,871.72998,871.72998,NaN
2020-11-16,876.32001,876.32001,876.32001,876.32001,NaN
2020-11-17,878.16998,878.16998,878.16998,878.16998,NaN
2020-11-19,881.87,881.87,881.87,881.87,NaN
2020-11-20,893.5,893.5,893.5,893.5,NaN
2020-11-23,895.03003,895.03003,895.03003,895.03003,NaN
2020-11-24,902.88,902.88,902.88,902.88,NaN
2020-11-25,910.13,910.13,910.13,910.13,NaN
2020-11-26,903.5,903.5,903.5,903.5,NaN
2020-11-27,892.09998,892.09998,892.09998,892.09998,NaN
2020-11-30,902.07001,902.07001,902.07001,902.07001,NaN
2020-12-01,898.32001,898.32001,898.32001,898.32001,NaN
2020-12-02,897.84998,897.84998,897.84998,897.84998,NaN
2020-12-03,898.34003,898.34003,898.34003,898.34003,NaN
2020-12-04,899.04999,899.04999,899.04999,899.04999,NaN
2020-12-07,901.17999,901.17999,901.17999,901.17999,NaN
2020-12-08,903.52002,903.52002,903.52002,903.52002,NaN
2020-12-09,903.52002,908.69,902.77002,907.65997,NaN
2020-12-10,907.65997,911.87,907.5,907.5,NaN
2020-12-11,907.5,931.21002,907.5,931.21002,NaN
2020-12-14,931.21002,932.90002,926.21997,927.45001,NaN
2020-12-15,927.45001,930.21002,924.02002,930.21002,NaN
2020-12-16,930.21002,936.60999,925.33002,935.26001,NaN
2020-12-17,935.26001,946.91998,932.40002,946.25,NaN
2020-12-18,946.25,950.56,943.84998,944.58002,NaN
2020-12-21,944.58002,944.58002,911.51001,912.16998,NaN
2020-12-22,912.16998,928.51001,906.77002,927.78998,NaN
2020-12-23,927.78998,935.71002,927.07001,932.42999,NaN
2020-12-24,932.42999,932.81,926.58002,927.15997,NaN
2020-12-25,927.15997,929.03003,919.10999,920.09003,NaN
2020-12-28,920.09003,924.07001,918.22998,919.71997,NaN
2020-12-29,919.71997,923.83002,916.87,917.12,NaN
2020-12-30,917.12,921.46997,916.38,918.09998,NaN
2020-12-31,915.13,924.78003,913.92999,924.78003,NaN
2021-01-04,924.78003,928.96997,922.29999,928.96002,NaN
2021-01-05,925.98999,926.78998,919.52002,919.52002,NaN
2021-01-06,919.52002,921.57001,915.01001,915.66998,NaN
2021-01-07,915.66998,924.78998,915.66998,921.52002,NaN
2021-01-08,921.52002,924.31,918.90002,919.59998,NaN
2021-01-12,919.59998,923.89001,916.78003,923.89001,NaN
2021-01-13,923.89001,925.45001,918.95001,919.89001,NaN
2021-01-14,919.89001,926.42999,919.89001,926.07001,NaN
2021-01-15,926.07001,937.34003,924.85999,934.83002,NaN
2021-01-18,934.83002,938.69,932.57001,938.69,NaN
2021-01-19,938.69,940.13,933.78003,939.73999,NaN
2021-01-20,939.73999,943.38,939.52002,942.46997,NaN
2021-01-21,942.46997,944.21002,940.60999,941.79999,NaN
2021-01-22,941.79999,946.42999,940.15002,946.09998,NaN
2021-01-25,946.09998,953.64001,941.90002,953.28998,NaN
2021-01-26,953.28998,961.53998,952.88,960.07001,NaN
2021-01-27,960.07001,960.27002,956.92999,956.94,NaN
2021-01-28,956.94,957.48999,952.84998,953.48999,NaN
2021-01-29,953.48999,958.32001,951.94,951.94,NaN
2021-02-01,951.94,952.40997,947.88,951.40997,NaN
2021-02-02,951.40997,957.60999,949.83002,956.90002,NaN
2021-02-03,956.90002,960.5,955.07001,959.57001,NaN
2021-02-04,959.57001,963.56,957.12,958.52002,NaN
2021-02-05,958.52002,962.10999,955.53003,955.53003,NaN
2021-02-08,955.53003,960.78003,955.5,955.81,NaN
2021-02-09,955.81,956.22998,950.06,950.07001,NaN
2021-02-10,950.07001,951.5,939.71997,942.46997,NaN
2021-02-11,942.46997,945.79999,938.09003,945.79999,NaN
2021-02-12,945.79999,951.01001,941.85999,941.85999,NaN
2021-02-15,941.85999,945.02002,938.62,939.65002,NaN
2021-02-16,939.65002,945.25,938.82001,945.25,NaN
2021-02-17,945.25,945.76001,939.87,939.90997,NaN
2021-02-18,939.90997,945.75,939.90997,944.01001,NaN
2021-02-19,944.01001,945.15002,934.15997,934.97998,NaN
2021-02-22,934.97998,936.59003,929.78003,933.95001,NaN
2021-02-23,933.95001,934.59003,926.97998,927.40002,NaN
2021-02-24,927.40002,927.40002,915.85999,919.07001,NaN
2021-02-25,919.07001,925.81,913.40002,925.81,NaN
2021-02-26,925.81,934.14001,925.71002,926.27002,NaN
2021-03-01,926.27002,927.34003,923.62,925.40002,NaN
2021-03-02,925.40002,927.97998,922.59998,926.29999,NaN
2021-03-03,926.29999,927.45001,923.01001,923.33002,NaN
2021-03-04,923.33002,924.76001,921.07001,924.58002,NaN
2021-03-05,924.58002,925.60999,922.02002,925.39001,NaN
2021-03-08,925.39001,926.09998,923.42999,923.87,NaN
2021-03-09,923.87,926.40002,922.79999,925.40002,NaN
2021-03-10,925.40002,925.63,923.45001,924.28003,NaN
2021-03-11,924.28003,925.87,922.42999,924.71997,NaN
2021-03-12,924.71997,930.98999,922.95001,930.25,NaN
2021-03-15,930.25,933.03998,929.62,930.21002,NaN
2021-03-16,930.21002,936.15997,928.87,936.15997,NaN
2021-03-17,936.15997,945.40997,935.65002,943.09003,NaN
2021-03-18,943.09003,943.15997,936.84998,936.91998,NaN
2021-03-19,936.91998,938.23999,931.14001,934.47998,NaN
2021-03-22,934.47998,934.47998,928.34003,931.90997,NaN
2021-03-23,931.90997,932.03003,925.42999,926.22998,NaN
2021-03-24,926.22998,931.89001,924.96002,931.72998,NaN
2021-03-25,931.72998,937.85999,931.46002,937.85999,NaN
2021-03-26,937.85999,938.40997,935.26001,938.40997,NaN
2021-03-29,938.40997,940.08002,934.34003,936.46997,NaN
2021-03-30,936.46997,938.96997,934.77002,938.89001,NaN
2021-03-31,938.89001,939.28998,934.87,935.70001,NaN
2021-04-01,935.70001,942.39001,935.15997,942.39001,NaN
2021-04-02,942.39001,944.14001,939.45001,943.60999,NaN
2021-04-05,943.60999,943.60999,936.71997,940.39001,NaN
2021-04-06,940.39001,945.53998,939.69,940.39001,NaN
2021-04-07,940.39001,941.07001,939.90002,940.39001,NaN
2021-04-08,940.39001,942.96002,939.69,942.90002,NaN
2021-04-09,942.90002,944.13,941.04999,944.13,NaN
2021-04-12,944.13,947.07001,943.5,947.07001,NaN
2021-04-13,948.28998,948.57001,945.39001,946.29999,NaN
2021-04-14,946.29999,947.32001,944.96002,947.32001,NaN
2021-04-15,947.32001,949.59998,944.35999,948.77002,NaN
2021-04-16,948.77002,952.65002,948.14001,951.37,NaN
2021-04-19,951.37,952.77002,949.57001,950.77002,NaN
2021-04-20,950.77002,954.56,949.48999,954.45001,NaN
2021-04-21,954.45001,954.45001,951.03998,953.21997,NaN
2021-04-22,953.21997,956.03003,952.96997,956.03003,NaN
2021-04-23,956.03003,957.77002,953.03998,957.65997,NaN
2021-04-26,957.65997,958.88,955.20001,956.58002,NaN
2021-04-27,956.58002,958.59003,953.71997,958.47998,NaN
2021-04-28,958.47998,962.16998,958.08002,961.59003,NaN
2021-04-29,961.59003,964.63,961.26001,963.28998,NaN
2021-04-30,963.28998,964.56,962.44,963.72998,NaN
2021-05-03,961.01001,967.39001,961,967.39001,NaN
2021-05-04,967.39001,972.21002,965.70001,972.02002,NaN
2021-05-05,972.02002,977.03998,971.77002,975.65997,NaN
2021-05-06,975.65997,982.75,975.65997,980.45001,NaN
2021-05-07,980.45001,981.03998,978.71997,980.47998,NaN
2021-05-10,980.47998,983.87,979.92999,983.87,NaN
2021-05-11,983.87,985.73999,980.96997,981.07001,NaN
2021-05-12,981.07001,984.51001,981.07001,982.90997,NaN
2021-05-17,982.90997,996.03003,982.90002,995.32001,NaN
2021-05-18,995.32001,997.92999,991.72998,993.29999,NaN
2021-05-19,993.29999,1002.19,991.82001,996.92999,NaN
2021-05-20,996.92999,999.19,983.75,983.76001,NaN
2021-05-21,983.76001,991.59998,983.76001,991.59998,NaN
2021-05-24,991.59998,993.07001,987.13,987.31,NaN
2021-05-25,987.31,993.56,986.38,988.13,NaN
2021-05-26,988.13,991.65002,986.66998,990.60999,NaN
2021-05-27,990.60999,992.06,985.71002,989.51001,NaN
2021-05-28,989.51001,997.12,986.03003,995.62,NaN
2021-05-31,995.62,996.20001,990.53003,990.96997,NaN
2021-06-01,990.96997,994.38,990.04999,994.38,NaN
2021-06-02,994.38,1004.92,994.38,1004.92,NaN
2021-06-03,1004.92,1016.23,1004.29,1015.6,NaN
2021-06-04,1015.6,1017.34,1012.97,1013.3,NaN
2021-06-07,1013.3,1014.99,1007.58,1013.76,NaN
2021-06-08,1013.76,1015.52,1008.83,1013.6,NaN
2021-06-09,1013.29,1014.94,1010.49,1012.73,NaN
2021-06-10,1012.73,1017.41,1012.42,1014.42,NaN
2021-06-11,1014.42,1023.37,1014.42,1022.37,NaN
2021-06-14,1022.37,1032.1,1022.37,1032.1,NaN
2021-06-15,1032.1,1033.42,1023.81,1025.72,NaN
2021-06-16,1025.72,1027.2,1021.1,1021.24,NaN
2021-06-17,1020.97,1022.62,1018.29,1019.83,NaN
2021-06-18,1019.83,1022.21,1017.11,1022.14,NaN
2021-06-21,1021.44,1027.62,1020.61,1027.62,NaN
2021-06-22,1027.62,1027.9399,1023.26,1025.7,NaN
2021-06-23,1025.33,1027.02,1023.6,1024.13,NaN
2021-06-24,1024.13,1030.1801,1020.54,1020.54,NaN
2021-06-25,1020.54,1021.21,1011.1,1015.28,NaN
2021-06-28,1015.28,1020.04,1014.55,1020.04,NaN
2021-06-29,1020.04,1020.04,1012.23,1015.68,NaN
2021-06-30,1015.68,1016.75,1013.18,1016.21,NaN
2021-07-01,1016.21,1019.2,1013.64,1016.73,NaN
2021-07-02,1016.73,1017.87,1012.11,1017.28,NaN
2021-07-05,1012.46,1012.46,1004.55,1005.34,NaN
2021-07-06,1001.99,1004.38,995.20001,995.20001,NaN
2021-07-07,992.48999,1003.05,992.48999,1000.31,NaN
2021-07-08,1000.31,1003.28,1000.31,1002.18,NaN
2021-07-09,1002.18,1003.02,996.76001,999.73999,NaN
2021-07-12,999.73999,999.73999,995.85999,998.96997,NaN
2021-07-13,998.96997,999.59003,992.84998,997.07001,NaN
2021-07-14,997.07001,998.14001,991.04999,992.35999,NaN
2021-07-15,989.83002,994.35999,989.65997,989.67999,NaN
2021-07-16,989.67999,993.41998,989.67999,991.98999,NaN
2021-07-19,991.98999,995.10999,990.70001,991.01001,NaN
2021-07-20,991.01001,992.31,989.17999,990.34003,NaN
2021-07-23,990.34003,997.10999,990.34003,997.10999,NaN
2021-07-26,995.52002,996.62,991.65002,994.41998,NaN
2021-07-27,994.41998,996.29999,993.04999,995.46997,NaN
2021-07-28,995.46997,999.04999,992.04999,998.28998,NaN
2021-07-29,998.28998,1005.13,998.27002,1005.11,NaN
2021-08-02,1005.11,1017.54,1005.11,1017.45,NaN
2021-08-03,1017.45,1019.21,1014.97,1017.86,NaN
2021-08-04,1017.27,1019.15,1014.57,1015.22,NaN
2021-08-05,1015.22,1017.72,1012.44,1017.72,NaN
2021-08-06,1017.72,1022.31,1016.09,1022.22,NaN
2021-08-09,1019.28,1019.28,1014.42,1019.28,NaN
2021-08-11,1019.28,1025.04,1017.25,1024.9301,NaN
2021-08-12,1024.9301,1025.16,1019.87,1021.05,NaN
2021-08-13,1021.05,1029.08,1018.66,1029.08,NaN
2021-08-16,1029.08,1029.08,1021.99,1026.41,NaN
2021-08-17,1026.41,1029.1801,1024.78,1029.1801,NaN
2021-08-18,1029.1801,1030.64,1025.8101,1028.5699,NaN
2021-08-19,1028.5699,1030.38,1025.95,1028.64,NaN
2021-08-23,1028.64,1038.52,1025,1038.52,NaN
2021-08-24,1038.52,1040.73,1032.34,1037.46,NaN
2021-08-25,1037.46,1039.15,1032.62,1033.48,NaN
2021-08-26,1033.48,1036.88,1033.24,1036.77,NaN
2021-08-27,1036.77,1045.5601,1034.4301,1045.5601,NaN
2021-08-30,1044.78,1046.11,1040.22,1044.76,NaN
2021-08-31,1044.76,1044.76,1035.74,1036.67,NaN
2021-09-01,1036.67,1037.84,1034.75,1037.84,NaN
2021-09-02,1033.79,1038.28,1033.59,1037.99,NaN
2021-09-03,1037.99,1042.9399,1037.63,1042.53,NaN
2021-09-06,1037.53,1042.4399,1032.98,1034.59,NaN
2021-09-07,1034.59,1036.75,1033.23,1036.61,NaN
2021-09-08,1036.61,1039.54,1036.49,1039.54,NaN
2021-09-09,1039.4301,1061.79,1039.4301,1061.15,NaN
2021-09-10,1061.15,1062.95,1053.3,1053.3,NaN
2021-09-13,1053.3,1055,1049.54,1053.95,NaN
2021-09-14,1053.95,1056.5,1051.9301,1054.4301,NaN
2021-09-15,1054.4301,1055.0601,1052.51,1053.71,NaN
2021-09-16,1053.71,1055.0699,1051.78,1054.85,NaN
2021-09-17,1054.85,1065.51,1053.52,1064.87,NaN
2021-09-20,1064.87,1064.87,1059.04,1059.45,NaN
2021-09-21,1059.45,1059.45,1056.24,1058.45,NaN
2021-09-22,1058.45,1061.29,1057.34,1061.29,NaN
2021-09-23,1061.29,1071.35,1061.1801,1071.12,NaN
2021-09-24,1071.12,1079.7,1069.3101,1076.1801,NaN
2021-09-27,1076.1801,1079.52,1070.47,1075.13,NaN
2021-09-28,1075.13,1078.79,1072.88,1078.79,NaN
2021-09-29,1078.79,1082.54,1078.35,1081.61,NaN
2021-09-30,1081.61,1083.08,1077,1081.33,NaN
2021-10-01,1081.33,1081.33,1070.26,1072.6,NaN
2021-10-04,1072.6,1075.3101,1067.0601,1070.08,NaN
2021-10-05,1070.08,1070.08,1066.36,1066.36,NaN
2021-10-06,1066.36,1069.01,1064.84,1068.53,NaN
2021-10-07,1068.53,1070.8199,1067.85,1070.23,NaN
2021-10-08,1070.23,1078.98,1069.8199,1078.98,NaN
2021-10-11,1078.98,1078.98,1072.8101,1073.74,NaN
2021-10-12,1073.74,1075.02,1073.52,1074.97,NaN
2021-10-13,1074.97,1076.4399,1072.36,1076.33,NaN
2021-10-14,1076.33,1084.1,1076.33,1084.1,NaN
2021-10-15,1084.1,1086.04,1079.54,1085.97,NaN
2021-10-18,1085.97,1085.97,1080.99,1084.47,NaN
2021-10-21,1084.47,1086.2,1079.58,1084.45,NaN
2021-10-22,1084.45,1084.72,1080.11,1084.49,NaN
2021-10-25,1084.49,1088.15,1082.11,1088.08,NaN
2021-10-26,1088.08,1106.77,1086,1106.75,NaN
2021-10-27,1106.75,1109.67,1100.64,1103.8101,NaN
2021-10-28,1103.8101,1110.8199,1100.11,1107.14,NaN
2021-10-29,1107.14,1113.08,1101.1,1104.79,NaN
2021-11-01,1104.79,1114.77,1099,1099,NaN
2021-11-02,1099,1108.01,1099,1104.64,NaN
2021-11-03,1104.64,1109.16,1102.54,1103.9301,NaN
2021-11-04,1103.9301,1104.41,1097.61,1097.61,NaN
2021-11-05,1097.61,1099.99,1089.34,1089.34,NaN
2021-11-08,1089.34,1094.8,1087.45,1091.26,NaN
2021-11-09,1091.26,1094.45,1087.95,1087.95,NaN
2021-11-10,1087.95,1090.21,1083.8199,1083.96,NaN
2021-11-11,1083.96,1085.86,1081.85,1084.97,NaN
2021-11-12,1084.97,1086.02,1081.99,1082.25,NaN
2021-11-15,1082.25,1084.46,1082.21,1082.74,NaN
2021-11-16,1082.74,1084.71,1079.72,1080.03,NaN
2021-11-17,1080.03,1085.66,1080.01,1082.05,NaN
2021-11-19,1082.05,1085.6801,1082.05,1085.48,NaN
2021-11-22,1085.48,1087.04,1083.47,1086.42,NaN
2021-11-23,1086.42,1086.42,1081.88,1083.1,NaN
2021-11-24,1083.1,1086.76,1081.66,1086.76,NaN
2021-11-25,1086.76,1087.91,1084.37,1084.67,NaN
2021-11-26,1084.67,1085.97,1076.49,1076.53,NaN
2021-11-29,1076.53,1076.53,1059.88,1066.5601,NaN
2021-11-30,1066.5601,1068.3101,1061.28,1063.03,NaN
2021-12-01,1063.03,1072.36,1063.03,1072.33,NaN
2021-12-02,1072.33,1077.67,1069.9,1077.5601,NaN
2021-12-03,1077.5601,1078.99,1067.54,1076.74,NaN
2021-12-06,1076.74,1079.37,1071.05,1073.13,NaN
2021-12-07,1073.13,1079.25,1070.05,1078.52,NaN
2021-12-08,1078.52,1081.76,1074.63,1079.53,NaN
2021-12-09,1079.53,1082.1,1078.28,1082.1,NaN
2021-12-10,1082.1,1089.12,1082.1,1088.13,NaN
2021-12-13,1088.13,1088.13,1080.29,1083.75,NaN
2021-12-14,1083.75,1085.64,1081.77,1084.66,NaN
2021-12-15,1084.66,1084.66,1080.62,1081.47,NaN
2021-12-16,1081.47,1085.6801,1080.73,1081.03,NaN
2021-12-17,1081.03,1084.14,1073.36,1084.14,NaN
2021-12-20,1084.14,1084.4,1076.85,1079.64,NaN
2021-12-21,1079.64,1079.64,1070.74,1079.14,NaN
2021-12-22,1079.14,1079.37,1074.6801,1076.01,NaN
2021-12-23,1076.01,1079.47,1073.38,1078.42,NaN
2021-12-24,1078.42,1078.42,1073.79,1076.62,NaN
2021-12-27,1076.62,1076.8101,1072.73,1076.66,NaN
2021-12-28,1076.66,1081.62,1074.38,1080.62,NaN
2021-12-29,1080.62,1088.05,1080.5,1087.75,NaN
2021-12-30,1087.75,1090.8101,1083.22,1090.76,NaN
2021-12-31,1090.76,1093.0601,1085.71,1085.71,NaN
2022-01-03,1085.71,1086.27,1078.6899,1080.77,NaN
2022-01-04,1080.77,1083.03,1078.4,1079.53,NaN
2022-01-05,1079.53,1083.65,1079.4399,1081.27,NaN
2022-01-06,1081.27,1088.67,1080.84,1088.67,NaN
2022-01-07,1088.67,1098.3199,1086.17,1098.3199,NaN
2022-01-10,1098.3199,1099.91,1095.4301,1097.33,NaN
2022-01-12,1097.33,1101.88,1096.78,1101.75,NaN
2022-01-13,1101.75,1108.5699,1100.4301,1108.5699,NaN
2022-01-14,1108.5699,1124.86,1104.97,1124.83,NaN
2022-01-17,1124.83,1124.83,1120.8199,1123.16,NaN
2022-01-18,1123.16,1126.9301,1121.4301,1121.4301,NaN
2022-01-19,1121.4301,1127.33,1117.72,1117.72,NaN
2022-01-20,1117.72,1122.9,1117.21,1120.3,NaN
2022-01-21,1120.3,1122.84,1118.8101,1118.8101,NaN
2022-01-24,1118.8101,1122.52,1116.52,1117.1801,NaN
2022-01-25,1117.1801,1117.64,1112.39,1112.48,NaN
2022-01-26,1112.48,1113.74,1111.2,1113.47,NaN
2022-01-27,1113.47,1117.22,1113.24,1115.27,NaN
2022-01-28,1115.27,1122.45,1115.04,1122.3199,NaN
2022-01-31,1122.3199,1132.4301,1121.67,1131.96,NaN
2022-02-01,1131.96,1133.0699,1126.84,1126.84,NaN
2022-02-02,1126.84,1131.38,1126.8,1131.38,NaN
2022-02-03,1131.38,1133.34,1126.34,1133.34,NaN
2022-02-04,1133.34,1137.05,1132.77,1136.67,NaN
2022-02-07,1136.67,1137.34,1133.46,1136.27,NaN
2022-02-08,1136.27,1142.5601,1134.92,1140.6899,NaN
2022-02-09,1140.6899,1140.74,1135.5,1135.86,NaN
2022-02-10,1135.86,1139.97,1135.86,1138.89,NaN
2022-02-11,1138.89,1140.05,1135.8101,1135.98,NaN
2022-02-14,1135.98,1136.76,1126.11,1127.28,NaN
2022-02-15,1127.28,1127.28,1117.66,1117.66,NaN
2022-02-16,1117.66,1120.61,1116.92,1117.1899,NaN
2022-02-17,1117.1899,1120.97,1117.1899,1118.01,NaN
2022-02-18,1118.01,1120.39,1112.45,1112.45,NaN
2022-02-21,1112.45,1114.0601,1105.63,1106.71,NaN
2022-02-22,1106.71,1106.71,1088.84,1095.3199,NaN
2022-02-23,1095.3199,1099.4399,1092.7,1094.08,NaN
2022-02-24,1094.08,1094.08,1043.4399,1044.4399,NaN
2022-02-25,1044.4399,1073.51,1038.91,1061.9399,NaN
2022-02-28,1061.9399,1070.55,1055.71,1055.71,NaN
2022-03-01,1055.71,1067.3101,1055.71,1057.33,NaN
2022-03-02,1057.33,1057.75,1047.53,1049.74,NaN
2022-03-03,1049.74,1050.97,1039.9,1040.79,NaN
2022-03-04,1040.79,1043.76,1031.2,1033.3101,NaN
2022-03-07,1033.3101,1033.3101,993.63,998.22998,NaN
2022-03-08,998.22998,1024.22,997.34998,1023.06,NaN
2022-03-09,1023.06,1044.52,1023.06,1041.22,NaN
2022-03-10,1041.22,1047.66,1012.99,1012.99,NaN
2022-03-11,1012.99,1027.76,1011.91,1018.75,NaN
2022-03-14,1018.75,1025.27,1018.68,1022.87,NaN
2022-03-15,1022.87,1031.99,1020.28,1026.33,NaN
2022-03-16,1026.33,1032.12,1025.8199,1030.38,NaN
2022-03-17,1030.38,1045.46,1030.38,1045.46,NaN
2022-03-18,1045.46,1049.75,1040.6801,1041.54,NaN
2022-03-21,1041.54,1047.5699,1040.8,1040.8199,NaN
2022-03-22,1040.8199,1046.41,1036.95,1036.95,NaN
2022-03-23,1036.95,1036.95,1014.08,1014.08,NaN
2022-03-24,1014.08,1019.21,1011.63,1011.63,NaN
2022-03-25,1011.63,1029.58,1011.63,1017.52,NaN
2022-03-28,1017.52,1019.57,1015.52,1019.44,NaN
2022-03-29,1019.44,1027.21,1017.6,1027.21,NaN
2022-03-30,1027.21,1033.76,1025.64,1033.1899,NaN
2022-03-31,1033.1899,1038.08,1030.67,1037.15,NaN
2022-04-01,1037.15,1041.6,1036.74,1039.96,NaN
2022-04-04,1039.96,1045.84,1036.03,1037.77,NaN
2022-04-05,1037.77,1043.01,1037,1043.01,NaN
2022-04-06,1043.01,1045.42,1038.92,1043.51,NaN
2022-04-07,1043.51,1046.73,1038.91,1046.73,NaN
2022-04-08,1046.73,1048.5,1043.59,1048.26,NaN
2022-04-11,1048.26,1050.36,1045.54,1047.42,NaN
2022-04-12,1047.42,1051.46,1046.16,1049.92,NaN
2022-04-13,1049.92,1052.1,1048.88,1051.05,NaN
2022-04-14,1051.05,1052.74,1049.48,1051.79,NaN
2022-04-15,1051.79,1054.47,1050.01,1054.16,NaN
2022-04-18,1054.16,1057.51,1053.03,1056.34,NaN
2022-04-19,1056.34,1057.37,1052.97,1057.37,NaN
2022-04-20,1057.37,1061.65,1055.3199,1058.8199,NaN
2022-04-21,1058.8199,1063.04,1058.3,1061.61,NaN
2022-04-22,1061.61,1068.0601,1061.61,1068.0601,NaN
2022-04-25,1068.0601,1071.64,1066.03,1069.16,NaN
2022-04-26,1069.16,1069.16,1061.98,1062.62,NaN
2022-04-27,1062.62,1063.02,1058.1,1058.87,NaN
2022-04-28,1058.87,1064.67,1057.85,1064.38,NaN
2022-04-29,1064.38,1066.01,1061.14,1064.51,NaN
2022-05-04,1064.51,1068.01,1063.5,1063.5,NaN
2022-05-05,1063.5,1064.8199,1062.66,1063.45,NaN
2022-05-06,1063.45,1063.55,1057.89,1057.99,NaN
2022-05-09,1057.99,1059.67,1052.87,1052.87,NaN
2022-05-10,1052.87,1055.79,1022.75,1022.75,NaN
2022-05-11,1022.75,1029.9301,1019.82,1020.6,NaN
2022-05-12,1020.6,1021.08,1013.09,1013.36,NaN
2022-05-13,1013.36,1025.42,1013.36,1025.42,NaN
2022-05-16,1025.42,1029.8199,1022.55,1023.06,NaN
2022-05-17,1023.06,1028.24,1023.06,1026.74,NaN
2022-05-18,1026.74,1030.4,1022.19,1022.35,NaN
2022-05-19,1022.35,1028.26,1022.35,1023.68,NaN
2022-05-20,1023.68,1024.7,1019.54,1019.54,NaN
2022-05-23,1019.54,1022.96,1010.61,1014.6,NaN
2022-05-24,1014.6,1019.17,1001.16,1002.06,NaN
2022-05-25,1002.06,1007.54,998.48999,1001.7,NaN
2022-05-26,1001.7,1006.17,1001.7,1003.42,NaN
2022-05-27,1003.01,1004.81,993.21997,995.56,NaN
2022-05-30,995.56,999.37,993.26001,993.26001,NaN
2022-05-31,993.26001,997.66998,992.90002,995.31,NaN
2022-06-01,991.96002,1010.84,991.51001,1000.37,NaN
2022-06-02,1000.37,1014.11,999.85999,1012.56,NaN
2022-06-03,1012.56,1018.49,1010.26,1018.49,NaN
2022-06-06,1016.87,1023.77,1015.76,1023.23,NaN
2022-06-07,1023.23,1027.5,1015.95,1027.5,NaN
2022-06-08,1027.5,1028.34,1020.62,1024.47,NaN
2022-06-09,1024.47,1028.63,1019.39,1019.39,NaN
2022-06-10,1019.39,1019.39,1012.04,1017.02,NaN
2022-06-13,1017.02,1021.7,1009.33,1009.34,NaN
2022-06-14,1009.34,1009.34,987.70001,987.73999,NaN
2022-06-15,987.73999,995.57001,985.59003,995.53003,NaN
2022-06-16,995.53003,996.38,989.06,989.06,NaN
2022-06-17,989.06,989.15997,975.38,975.38,NaN
2022-06-20,975.38,984.04999,975.38,980.85999,NaN
2022-06-21,980.85999,982.71002,978.84998,980.45001,NaN
2022-06-22,980.19,983.59003,968.22998,968.29999,NaN
2022-06-23,967.78003,968.21002,959.73999,960.44,NaN
2022-06-24,960.44,970.65002,960.44,967.76001,NaN
2022-06-27,967.76001,971.46997,963.53003,964.94,NaN
2022-06-28,964.94,971.32001,964.94,969.13,NaN
2022-06-29,969.13,974.71002,967.22998,971.03998,NaN
2022-06-30,971.03998,974.60999,969.98999,970.06,NaN
2022-07-01,970.06,970.71997,946.59003,946.59003,NaN
2022-07-04,942.97998,953.32001,942.97998,943.53998,NaN
2022-07-05,936.97998,944.90002,931.12,931.12,NaN
2022-07-06,931.12,940.37,929.40002,938.37,NaN
2022-07-07,938.37,947.32001,938.37,947.32001,NaN
2022-07-08,947.32001,954.95001,945.02002,946.34998,NaN
2022-07-12,945.56,956.94,945.56,950,NaN
2022-07-13,946.96002,954.47998,946.84998,954.47998,NaN
2022-07-14,952.67999,957.13,949.56,949.58002,NaN
2022-07-15,949.58002,957.09003,949.58002,956.38,NaN
2022-07-18,956.38,960.97998,955.37,959.96997,NaN
2022-07-19,959.96997,967.79999,959.46002,967.67999,NaN
2022-07-20,965.69,979.47998,965.69,967.09003,NaN
2022-07-21,967.09003,971.83002,966.39001,967.09998,NaN
2022-07-22,967.09998,969.47998,964.94,965.63,NaN
2022-07-25,965.63,967.58002,953.79999,956.96997,NaN
2022-07-26,956.96997,957.03998,951,953.89001,NaN
2022-07-27,953.89001,960.96002,950.38,950.70001,NaN
2022-07-28,950.47998,955.73999,949.09998,955.73999,NaN
2022-07-29,955.73999,958.02002,951.25,954.65002,NaN
2022-08-01,954.65002,959.21997,953.88,959.21997,NaN
2022-08-02,959.21997,959.21997,955.59998,956.21997,NaN
2022-08-03,956.21997,958.84003,952.51001,956.82001,NaN
2022-08-04,956.82001,961.20001,955.23999,960.07001,NaN
2022-08-05,960.07001,969.46997,960.07001,968.79999,NaN
2022-08-08,968.79999,968.79999,965.04999,967.40002,NaN
2022-08-09,967.40002,970.94,965.38,970.92999,NaN
2022-08-10,970.92999,978.31,970.09998,971.58002,NaN
2022-08-11,971.58002,981.42999,970.27002,980.27002,NaN
2022-08-12,980.27002,988.23999,979.73999,986.79999,NaN
2022-08-15,986.79999,989.67999,981.79999,987.14001,NaN
2022-08-16,987.14001,989.73999,986.81,988.53998,NaN
2022-08-17,988.53998,990.48999,983.79999,986.71997,NaN
2022-08-18,986.71997,989.71002,985.32001,986.63,NaN
2022-08-19,986.63,988.35999,984.42999,987.29999,NaN
2022-08-22,987.29999,987.75,982.88,983.10999,NaN
2022-08-23,983.10999,988.47998,982.65997,985.03998,NaN
2022-08-24,985.03998,986.76001,978.10999,986.76001,NaN
2022-08-25,986.76001,989.64001,983.37,989.29999,NaN
2022-08-26,989.29999,992.27002,985.01001,986.57001,NaN
2022-08-29,986.57001,987.44,984.45001,985.40002,NaN
2022-08-30,985.40002,987.10999,982.5,982.97998,NaN
2022-08-31,982.97998,987.58002,979.64001,981.47998,NaN
2022-09-01,981.47998,983.14001,976.77002,980.63,NaN
2022-09-02,980.63,985.57001,978.03998,981.34998,NaN
2022-09-05,981.34998,987.96002,979.52002,982.01001,NaN
2022-09-06,976.41998,979.52002,975.57001,978.35999,NaN
2022-09-07,978.35999,986.01001,978.34998,982.92999,NaN
2022-09-08,982.92999,986.35999,980.81,982.47998,NaN
2022-09-09,982.47998,987.22998,980.53003,980.53003,NaN
2022-09-12,980.53003,983.27002,978.46002,980.46002,NaN
2022-09-13,980.46002,982.51001,979.72998,981.46997,NaN
2022-09-14,980.38,982.07001,977.81,979.25,NaN
2022-09-15,979.25,983.25,978.03003,980.15997,NaN
2022-09-16,980.15997,984.28998,980.15997,984.28998,NaN
2022-09-19,984.28998,984.37,981.51001,981.51001,NaN
2022-09-20,981.51001,984.77002,980.27002,983.90997,NaN
2022-09-21,983.90997,985.25,980.33002,985.17999,NaN
2022-09-22,985.17999,988.5,983.79999,986.90997,NaN
2022-09-23,986.90997,990.90002,985.15997,990.90002,NaN
2022-09-26,990.90002,990.96002,981.12,983.62,NaN
2022-09-27,983.62,985.95001,972.96997,972.96997,NaN
2022-09-28,972.96997,972.96997,952.34003,952.46997,NaN
2022-09-29,952.46997,957.59998,940.26001,941.12,NaN
2022-09-30,941.12,946.66998,931.78003,937.34003,NaN
2022-10-03,937.34003,939.28998,934.48999,934.89001,NaN
2022-10-04,934.89001,941.15002,934.66998,937.42999,NaN
2022-10-05,937.42999,943.65002,937.42999,939.59003,NaN
2022-10-06,939.59003,949.87,939.14001,947.96997,NaN
2022-10-07,947.96997,948.53998,944.31,948.28003,NaN
2022-10-11,948.28003,953.96997,946.85999,953.96997,NaN
2022-10-12,953.96997,953.96997,943.13,943.13,NaN
2022-10-13,943.13,945.59003,930.71997,930.96002,NaN
2022-10-14,930.96002,933.27002,921.75,921.95001,NaN
2022-10-17,921.95001,923.62,913.01001,915.21997,NaN
2022-10-18,915.21997,915.31,911.15997,912.71002,NaN
2022-10-19,912.71002,913.78003,907,910.66998,NaN
2022-10-20,910.66998,913.60999,887.87,890,NaN
2022-10-21,890,890,878.34003,878.62,NaN
2022-10-24,878.62,883.84998,868.25,868.44,NaN
2022-10-25,868.44,880.91998,866.76001,873.32001,NaN
2022-10-26,873.32001,875.04999,858.44,858.44,NaN
2022-10-27,858.44,869.20001,855.84003,868.90002,NaN
2022-10-28,868.90002,875.69,866.60999,866.87,NaN
2022-10-31,866.87,869.59998,862.44,864.58002,NaN
2022-11-01,864.58002,875.33002,864.46002,874.96997,NaN
2022-11-02,874.96997,879.76001,868.88,868.88,NaN
2022-11-03,868.88,872.77002,864.82001,864.82001,NaN
2022-11-04,864.82001,867.28003,858.85999,859.40002,NaN
2022-11-07,859.40002,867.66998,857.95001,862.96002,NaN
2022-11-08,862.96002,863.44,853.88,854,NaN
2022-11-09,854,857.71002,850.5,850.87,NaN
2022-11-10,850.87,851.78003,831.47998,831.47998,NaN
2022-11-11,831.47998,835.40002,818.35999,824.72998,NaN
2022-11-14,824.72998,843.26001,824.72998,836.08002,NaN
2022-11-15,836.08002,848.58002,836.08002,846.67999,NaN
2022-11-16,846.67999,857.97998,846.67999,851.84998,NaN
2022-11-17,851.84998,871.84998,851.84998,871.84998,NaN
2022-11-21,871.84998,875.91998,866.64001,866.64001,NaN
2022-11-22,866.64001,874.10999,866.64001,868.57001,NaN
2022-11-23,868.57001,873.44,868.51001,872.63,NaN
2022-11-24,872.63,878.57001,864.59003,868.01001,NaN
2022-11-25,868.01001,874.77002,867.07001,873.33002,NaN
2022-11-28,873.33002,876.72998,872.87,873.09003,NaN
2022-11-29,873.09003,876.58002,869.84003,876.40997,NaN
2022-11-30,876.40997,876.53998,866.72998,874.72998,NaN
2022-12-01,874.72998,891.60999,871.02002,888.19,NaN
2022-12-02,888.19,894.97998,882.78998,890.03998,NaN
2022-12-05,890.03998,906.35999,889.38,906.35999,NaN
2022-12-06,906.35999,915.57001,906.35999,911.12,NaN
2022-12-07,911.12,915.40997,908.97998,913.56,NaN
2022-12-08,913.56,919.92999,908.51001,913.71002,NaN
2022-12-09,913.71002,921.14001,911.03998,911.03998,NaN
2022-12-12,911.03998,915.66998,909.85999,913.32001,NaN
2022-12-13,913.32001,919.26001,912.48999,916.04999,NaN
2022-12-14,916.04999,919.09003,912.44,912.44,NaN
2022-12-15,912.44,913.91998,905.46997,906.70001,NaN
2022-12-16,906.70001,909.32001,888.21997,891.37,NaN
2022-12-19,891.37,893.83002,889.22998,892.06,NaN
2022-12-20,892.06,895.21997,877.56,877.75,NaN
2022-12-21,876.96002,882.52002,876.59003,881.77002,NaN
2022-12-22,881.77002,888.89001,881.77002,884.32001,NaN
2022-12-23,884.32001,887.95001,882.75,882.76001,NaN
2022-12-26,882.76001,886.40002,882.35999,886.40002,NaN
2022-12-27,886.40002,886.40002,879.25,881.13,NaN
2022-12-28,881.13,886.69,876.71002,876.90997,NaN
2022-12-29,876.90997,881.13,865.14001,869.27002,NaN
2022-12-30,869.27002,874.98999,856.58002,857.42999,NaN
2023-01-02,857.42999,866.20001,856.58002,856.84998,NaN
2023-01-03,856.84998,858.54999,845.95001,850.38,NaN
2023-01-04,850.38,852.65002,833.69,833.69,NaN
2023-01-05,833.69,838.02002,802.66998,802.66998,NaN
2023-01-06,802.66998,810,775.38,775.38,NaN
2023-01-09,775.38,797.01001,775.38,782.33002,NaN
2023-01-10,782.33002,797.58002,779.75,797.58002,NaN
2023-01-12,797.58002,818.62,797.47998,814.28003,NaN
2023-01-13,814.28003,831.84003,814.28003,828.98999,NaN
2023-01-16,828.98999,840.42999,828.98999,832.40997,NaN
2023-01-17,832.40997,838.84003,832.40002,834.32001,NaN
2023-01-18,834.32001,835.65997,831.92999,831.92999,NaN
2023-01-19,831.92999,836.53003,820.78003,822.08002,NaN
2023-01-20,822.08002,834.5,819.25,819.25,NaN
2023-01-23,819.25,826,812.54999,825.10999,NaN
2023-01-24,825.10999,827.73999,818.73999,818.73999,NaN
2023-01-25,818.73999,827.90002,818.73999,825.22998,NaN
2023-01-26,825.22998,829.53003,808.34003,808.34003,NaN
2023-01-27,808.34003,820.65002,806.60999,806.70001,NaN
2023-01-30,806.70001,814.29999,803.78003,809.70001,NaN
2023-01-31,809.70001,825.60999,809.41998,825.60999,NaN
2023-02-01,825.60999,826.69,818.48999,818.48999,NaN
2023-02-02,818.48999,832.88,818.06,832.88,NaN
2023-02-03,832.88,835.34998,831.77002,832.04999,NaN
2023-02-06,832.04999,839.91998,826.64001,830.06,NaN
2023-02-07,830.06,844.97998,830.06,842.60999,NaN
2023-02-08,842.60999,860.12,837.40002,860.10999,NaN
2023-02-09,860.10999,869.08002,858.06,865.69,NaN
2023-02-10,865.69,868.83002,864.22998,864.22998,NaN
2023-02-13,864.22998,866.78003,857.07001,857.13,NaN
2023-02-14,857.13,860.94,844.81,844.81,NaN
2023-02-15,844.81,850.62,841.84998,848.06,NaN
2023-02-16,848.06,852.65002,847.40997,848.90002,NaN
2023-02-17,848.90002,860.70001,846.21997,857.58002,NaN
2023-02-20,857.58002,861.01001,855.32001,857.72998,NaN
2023-02-21,857.72998,858.02002,843.95001,843.95001,NaN
2023-02-22,843.95001,851.27002,839.63,849.56,NaN
2023-02-23,849.56,857,847.40997,854.34003,NaN
2023-02-24,854.34003,871.46002,854.13,871.08002,NaN
2023-02-27,871.08002,876.19,868.98999,869.42999,NaN
2023-02-28,869.42999,876.59998,868.46997,874.85999,NaN
2023-03-01,874.85999,880.69,870.03998,870.09998,NaN
2023-03-02,870.09998,872.62,862.52002,862.52002,NaN
2023-03-03,862.52002,864.35999,852.78003,858.07001,NaN
2023-03-06,858.07001,860.91998,851.59998,851.59998,NaN
2023-03-07,851.59998,852.29999,846.76001,847.44,NaN
2023-03-08,847.44,851.08002,846.02002,846.25,NaN
2023-03-09,846.25,849.87,842.44,843.76001,NaN
2023-03-10,843.76001,845.77002,841.21002,843.56,NaN
2023-03-13,843.56,847.41998,839.90002,844.81,NaN
2023-03-14,844.81,846.28003,840.28998,844.5,NaN
2023-03-15,844.5,846.15997,836.81,838.60999,NaN
2023-03-16,838.60999,842.78998,838.59998,840.96997,NaN
2023-03-17,840.96997,843.54999,832.62,832.96997,NaN
2023-03-20,832.96997,839.41998,832.96997,836.04999,NaN
2023-03-21,836.04999,836.04999,824.34998,827.59998,NaN
2023-03-22,824.60999,837.63,824.60999,837.63,NaN
2023-03-23,837.63,842.59003,837.17999,838.98999,NaN
2023-03-24,838.98999,839.96997,831.40002,831.40002,NaN
2023-03-27,831.40002,839.94,829.07001,839.94,NaN
2023-03-28,839.94,843.16998,834.34998,841.52002,NaN
2023-03-29,841.52002,846.34003,840.40002,842.23999,NaN
2023-03-30,842.23999,844.83002,838.78003,839.22998,NaN
2023-03-31,839.22998,842.62,832.06,832.06,NaN
2023-04-03,832.06,840.15002,832,839.53003,NaN
2023-04-04,839.53003,841.95001,837.92999,839.33002,NaN
2023-04-05,839.33002,841.88,837.08002,840.42999,NaN
2023-04-06,840.42999,842.83002,837.63,837.63,NaN
2023-04-07,837.63,842.58002,837.63,839.72998,NaN
2023-04-10,839.72998,840.91998,836.84003,839,NaN
2023-04-11,839,842.90002,838.41998,838.89001,NaN
2023-04-12,838.89001,839.63,833.66998,839.28998,NaN
2023-04-13,839.28998,842.08002,834.79999,837.19,NaN
2023-04-14,837.19,846.27002,836.58002,840.47998,NaN
2023-04-17,840.47998,845.13,838.45001,839.13,NaN
2023-04-18,839.13,839.39001,837.08002,838.22998,NaN
2023-04-19,838.22998,839.75,834.01001,838.97998,NaN
2023-04-20,838.97998,845.32001,838.59003,842.66998,NaN
2023-04-21,842.66998,848.59998,842.03003,844.06,NaN
2023-04-25,844.06,846.06,842.71002,844.28003,NaN
2023-04-26,844.28003,844.28003,835.16998,838.25,NaN
2023-04-27,838.25,843.95001,838.25,840.12,NaN
2023-04-28,840.12,848.13,840.12,848.13,NaN
2023-05-02,848.13,852.01001,840.53998,840.53998,NaN
2023-05-03,840.53998,841.44,834.71002,838.54999,NaN
2023-05-04,838.54999,838.54999,831.77002,837.13,NaN
2023-05-05,837.13,840.92999,833.73999,835.44,NaN
2023-05-08,835.44,844.64001,835.44,838.22998,NaN
2023-05-09,838.22998,842.88,836.09998,836.84998,NaN
2023-05-10,836.84998,846.42999,836.84998,844.21002,NaN
2023-05-11,844.21002,852.33002,844.15997,852.32001,NaN
2023-05-12,852.32001,867.10999,851.60999,866.97998,NaN
2023-05-15,866.97998,873.75,865.40002,870.71997,NaN
2023-05-16,870.71997,876.65997,865.03998,876.65997,NaN
2023-05-17,876.65997,876.65997,870,871.39001,NaN
2023-05-18,871.39001,873.82001,866.46002,868.54999,NaN
2023-05-19,868.54999,870.40997,864.48999,869.90002,NaN
2023-05-22,869.90002,870.03003,865.97998,870.03003,NaN
2023-05-23,870.03003,872.44,866.83002,869.5,NaN
2023-05-24,869.5,881.58002,868.10999,881.58002,NaN
2023-05-25,881.58002,881.58002,870.14001,871.67999,NaN
2023-05-26,871.67999,885.26001,868.71997,885.26001,NaN
2023-05-29,885.26001,891.28003,882.77002,889.37,NaN
2023-05-30,889.37,896.69,888.40002,891.65002,NaN
2023-05-31,891.65002,895.78003,888.97998,893.15997,NaN
2023-06-01,892.21997,894.15002,889.14001,889.64001,NaN
2023-06-02,889.64001,903.01001,886.82001,903.01001,NaN
2023-06-05,903.01001,904.64001,892.73999,893.32001,NaN
2023-06-06,893.32001,899.42999,890.96002,890.96002,NaN
2023-06-07,890.96002,895.33002,888.88,892.78998,NaN
2023-06-08,892.78998,894.90002,891.71997,892.67999,NaN
2023-06-09,892.67999,897.46997,892.67999,897.46997,NaN
2023-06-12,897.03998,897.35999,891.31,895.26001,NaN
2023-06-13,895.26001,896.71002,892.08002,896.71002,NaN
2023-06-14,896.71002,907.96002,896.71002,907.96002,NaN
2023-06-15,907.96002,928.14001,905.71002,925.84003,NaN
2023-06-16,925.84003,931.90002,924.84003,930.97998,NaN
2023-06-19,930.97998,932.90002,924.23999,926.59003,NaN
2023-06-20,926.03998,965.28003,924.83002,951.59003,NaN
2023-06-21,951.59003,952.75,932.28998,932.28998,NaN
2023-06-22,932.06,943.81,929.52002,930.28003,NaN
2023-06-23,930.28003,949.17999,930.28003,939.22998,NaN
2023-06-26,939.22998,945.69,933.75,935.17999,NaN
2023-06-27,935.17999,940.37,933.48999,939.35999,NaN
2023-06-28,939.35999,949.01001,937.34998,942.77002,NaN
2023-07-03,934.98999,943.26001,934.85999,937.45001,NaN
2023-07-04,937.45001,946.16998,937.45001,945.28998,NaN
2023-07-05,945.28998,950.87,945,949.95001,NaN
2023-07-06,945.46002,947.46002,942.70001,942.82001,NaN
2023-07-07,942.82001,942.89001,933.53003,938.34998,NaN
2023-07-10,938.34998,942.64001,937.13,937.13,NaN
2023-07-11,937.13,937.72998,934.26001,937.60999,NaN
2023-07-12,937.60999,941.32001,934.66998,938.71997,NaN
2023-07-13,929.47998,936.07001,928.64001,931.87,NaN
2023-07-14,931.87,936.02002,928.28998,935.72998,NaN
2023-07-17,935.72998,937.81,931.71997,934.82001,NaN
2023-07-18,934.82001,948.67999,933.20001,948.65997,NaN
2023-07-20,948.65997,953.79999,948.46002,953.71997,NaN
2023-07-21,953.35999,957.67999,949.44,957.42999,NaN
2023-07-24,957.42999,958.59003,950.73999,953.35999,NaN
2023-07-25,953.10999,956.58002,949.10999,956.58002,NaN
2023-07-26,956.58002,964.37,956,960.91998,NaN
2023-07-27,960.91998,974.66998,960.28003,973.42999,NaN
2023-07-28,973.42999,980.37,970.76001,979.09998,NaN
2023-07-31,979.09998,982.54999,977.46997,982.5,NaN
2023-08-01,982.5,987.67999,978.20001,987.67999,NaN
2023-08-02,987.67999,994.76001,986.63,992.47998,NaN
2023-08-03,992.47998,993.83002,986.15997,986.15997,NaN
2023-08-04,986.15997,991.85999,984.03003,984.03998,NaN
2023-08-07,984.03998,990.01001,980.84003,981.02002,NaN
2023-08-08,981.02002,983.01001,976.34998,980,NaN
2023-08-09,980,980.95001,976.08002,976.72998,NaN
2023-08-10,976.72998,978.77002,971.79999,978.60999,NaN
2023-08-11,978.60999,978.89001,973.67999,973.67999,NaN
2023-08-15,973.67999,975.89001,971.10999,973.65002,NaN
2023-08-16,973.65002,973.70001,970.35999,972.94,NaN
2023-08-17,972.94,973.96997,970.19,972.03003,NaN
2023-08-18,972.03003,974.09003,967.82001,970.15997,NaN
2023-08-22,970.15997,971.71002,962.31,962.53998,NaN
2023-08-23,962.53998,962.85999,959.57001,960.52002,NaN
2023-08-24,960.52002,964.15997,959.78998,961.54999,NaN
2023-08-25,961.54999,964.53003,958.29999,963.85999,NaN
2023-08-28,963.85999,965.94,959.73999,960.03003,NaN
2023-08-29,960.03003,963.53998,958,962.29999,NaN
2023-08-30,961.78998,965.71002,960.45001,961.27002,NaN
2023-08-31,961.27002,970.25,961.27002,966.77002,NaN
2023-09-01,966.77002,969.35999,961.12,961.34003,NaN
2023-09-04,961.34003,963.77002,957.57001,960.32001,NaN
2023-09-05,960.32001,964.78998,959,959,NaN
2023-09-06,956.31,961.54999,951.03998,951.20001,NaN
2023-09-07,951.20001,952.82001,949.59003,949.59003,NaN
2023-09-08,949.59003,953.94,945.25,948.15997,NaN
2023-09-11,948.15997,956.22998,946.46997,952.21997,NaN
2023-09-12,952.21997,961.78998,952.12,953.03003,NaN
2023-09-13,953.03003,960.21997,950.78003,952.53998,NaN
2023-09-14,952.40002,957.92999,951.90997,956.94,NaN
2023-09-15,956.94,959.01001,953.91998,954.64001,NaN
2023-09-18,954.64001,959.98999,953.07001,958.77002,NaN
2023-09-19,958.77002,963.13,952.69,957.90997,NaN
2023-09-20,957.90997,963.64001,956.07001,956.15997,NaN
2023-09-21,956.15997,964.42999,954.76001,954.76001,NaN
2023-09-22,954.76001,958.38,952.32001,956.48999,NaN
2023-09-25,956.48999,959.16998,951.10999,959.16998,NaN
2023-09-26,959.16998,963.96002,956.70001,961.84998,NaN
2023-09-27,961.84998,964.42999,954.40997,961.59003,NaN
2023-10-02,961.59003,963.81,952.85999,953.10999,NaN
2023-10-03,953.10999,958.96997,946.71997,946.71997,NaN
2023-10-04,946.71997,948.16998,938.81,940.92999,NaN
2023-10-05,940.92999,992.82001,940.92999,992.82001,NaN
2023-10-06,992.82001,1021.73,992.82001,1000.76,NaN
2023-10-09,1000.76,1001.29,990.46002,991.5,NaN
2023-10-10,991.5,993.71997,986.70001,992.04999,NaN
2023-10-11,992.04999,997.51001,988.41998,997.51001,NaN
2023-10-12,997.51001,997.51001,990.34003,997.16998,NaN
2023-10-13,997.16998,997.77002,992.40997,994.83002,NaN
2023-10-16,994.83002,995.57001,986.15002,988.59003,NaN
2023-10-17,988.59003,993.13,986.96002,986.97998,NaN
2023-10-18,986.97998,1002.74,986.84998,999.26001,NaN
2023-10-19,999.26001,1005.32,997.42999,1000.02,NaN
2023-10-20,1000.02,1001.52,994.02002,997.34003,NaN
2023-10-23,997.34003,998.83002,988.96997,998.83002,NaN
2023-10-24,998.83002,998.83002,994.56,996.22998,NaN
2023-10-25,996.22998,996.28998,988.63,988.63,NaN
2023-10-26,988.63,991.70001,978.87,979.09003,NaN
2023-10-27,979.09003,979.15002,973.75,973.77002,NaN
2023-10-30,973.77002,977.71002,967.12,969.40002,NaN
2023-10-31,969.40002,979.09003,967.02002,978.13,NaN
2023-11-01,978.13,979.20001,968.41998,978.87,NaN
2023-11-02,978.87,978.87,970.37,977.07001,NaN
2023-11-03,977.07001,977.52002,970.83002,974.37,NaN
2023-11-07,974.37,978.38,973.53003,976.10999,NaN
2023-11-08,976.10999,978.64001,975.12,975.83002,NaN
2023-11-09,975.83002,976.78998,971.40997,975.57001,NaN
2023-11-10,975.57001,975.75,969.39001,974.47998,NaN
2023-11-13,974.47998,976.97998,971.76001,976.40002,NaN
2023-11-14,976.40002,978.07001,970.48999,977.58002,NaN
2023-11-15,977.58002,977.58002,968.02002,970.52002,NaN
2023-11-16,970.52002,979.60999,968.66998,979.60999,NaN
2023-11-17,979.60999,979.69,974.01001,977.59998,NaN
2023-11-20,977.59998,980.15002,972.71997,979.96997,NaN
2023-11-21,979.96997,981.98999,978.51001,980.46997,NaN
2023-11-22,980.46997,986.08002,980.46997,983.73999,NaN
2023-11-23,983.73999,984.96002,980.03998,981.69,NaN
2023-11-24,981.69,986.25,979.26001,979.53003,NaN
2023-11-27,979.53003,979.66998,971.07001,971.09003,NaN
2023-11-28,971.09003,971.19,962.65997,963.46997,NaN
2023-11-29,963.46997,968.67999,962.57001,963.77002,NaN
2023-11-30,963.77002,968.53003,961.21997,964.26001,NaN
2023-12-01,964.26001,967.67999,960.79999,962.72998,NaN
2023-12-04,962.72998,964.60999,957.53998,959.81,NaN
2023-12-05,959.81,966.23999,958.52002,963.78003,NaN
2023-12-06,963.78003,967.12,959.81,963.53003,NaN
2023-12-07,963.53003,971,963.53003,971,NaN
2023-12-08,971,975.88,971,975.88,NaN
2023-12-11,975.88,981.13,973.31,980.85999,NaN
2023-12-12,980.85999,989.02002,980.21997,985.01001,NaN
2023-12-13,985.01001,998.94,984.5,995.46002,NaN
2023-12-14,995.46002,997.52002,992.28003,997,NaN
2023-12-15,997,1000.17,995.94,997.19,NaN
2023-12-18,997.19,1002.43,996.03998,998.88,NaN
2023-12-19,998.88,999.85999,994.79999,999.32001,NaN
2023-12-20,999.32001,1003.67,998.83002,1001.53,NaN
2023-12-21,1001.53,1004.29,998.02002,998.02002,NaN
2023-12-22,998.02002,1002.92,997.65997,998.82001,NaN
2023-12-25,998.82001,1002.19,995.83002,995.83002,NaN
2023-12-26,995.83002,998.92999,990.09998,990.09998,NaN
2023-12-27,990.09998,993.06,987.03003,992.34003,NaN
2023-12-28,992.34003,993.44,985.97998,985.97998,NaN
2023-12-29,985.97998,994.14001,985.97998,989.84003,NaN
2024-01-02,989.84003,997.35999,989.84003,992.64001,NaN
2024-01-03,992.64001,999.63,991.47998,999.47998,NaN
2024-01-04,999.47998,1003.69,998.22998,1003.35,NaN
2024-01-05,1003.35,1011.75,1001.28,1010.57,NaN
2024-01-08,1010.57,1013.47,1007.56,1012.02,NaN
2024-01-09,1011.63,1017.33,1008.42,1017.28,NaN
2024-01-10,1017.28,1019.99,1013.62,1019.99,NaN
2024-01-12,1019.99,1023.37,1019.69,1023.02,NaN
2024-01-15,1023.02,1025.92,1017.97,1017.97,NaN
2024-01-16,1018.46,1028.53,1017.56,1027.85,NaN
2024-01-17,1027.85,1031.85,1024.42,1031.04,NaN
2024-01-18,1031.04,1037.49,1030.3199,1035.8,NaN
2024-01-19,1035.8,1041.35,1033.3199,1038.96,NaN
2024-01-22,1038.96,1047.51,1038.77,1041.89,NaN
2024-01-23,1041.89,1047.37,1039.74,1044.29,NaN
2024-01-24,1044.29,1048.61,1040.33,1040.33,NaN
2024-01-25,1040.33,1041.54,1037.4399,1038.4399,NaN
2024-01-26,1038.4399,1041.47,1032.63,1033.5,NaN
2024-01-29,1033.5,1039.76,1012.78,1013.76,NaN
2024-01-30,1013.76,1024.95,1009.38,1011.4,NaN
2024-01-31,1011.4,1018.03,1011.4,1014.39,NaN
2024-02-01,1014.39,1017.61,1011.97,1014.07,NaN
2024-02-02,1014.07,1021.13,1013.16,1016.21,NaN
2024-02-05,1016.21,1019.2,1008.36,1010.28,NaN
2024-02-06,1010.28,1017.01,1009.46,1016.95,NaN
2024-02-07,1016.95,1025.29,1014.74,1017.93,NaN
2024-02-08,1017.93,1026.9399,1017.49,1024.8,NaN
2024-02-09,1024.8,1027.99,1022.86,1027.62,NaN
2024-02-12,1027.62,1033.58,1027.62,1030.4399,NaN
2024-02-13,1030.4399,1036.5699,1030.4,1032.17,NaN
2024-02-14,1032.17,1039.66,1032.17,1035.79,NaN
2024-02-15,1035.79,1036.13,1029.41,1033.61,NaN
2024-02-16,1033.61,1047.71,1029.03,1047.6,NaN
2024-02-19,1047.6,1061.92,1047.6,1051.55,NaN
2024-02-20,1051.55,1053.22,1042.36,1047.5699,NaN
2024-02-21,1047.5699,1057.12,1047.52,1055.45,NaN
2024-02-22,1055.45,1059.76,1055.45,1056.97,NaN
2024-02-23,1056.97,1065.09,1056.9399,1064.64,NaN
2024-02-26,1064.64,1067.97,1057.23,1067.6899,NaN
2024-02-27,1067.6899,1068.7,1065.12,1065.12,NaN
2024-02-28,1065.12,1072.52,1061.0699,1068.97,NaN
2024-02-29,1068.97,1071.87,1061.76,1061.76,NaN
2024-03-01,1061.76,1066.42,1060.08,1060.11,NaN
2024-03-04,1060.11,1061.67,1055.62,1058.26,NaN
2024-03-05,1058.26,1063.47,1052.61,1060.49,NaN
2024-03-06,1060.49,1060.76,1051.61,1053.89,NaN
2024-03-07,1053.89,1056.48,1047.6,1047.6,NaN
2024-03-08,1047.6,1055.21,1046.25,1051.05,NaN
2024-03-11,1051.05,1051.15,1044.45,1045.86,NaN
2024-03-12,1045.86,1048.99,1044.28,1044.64,NaN
2024-03-13,1044.64,1049.1,1044.02,1049.03,NaN
2024-03-14,1049.03,1055.7,1048.98,1055.7,NaN
2024-03-15,1055.7,1064.0699,1055.1,1064.0699,NaN
2024-03-18,1064.0699,1073.25,1061.61,1066.42,NaN
2024-03-19,1066.42,1067.22,1057.33,1062.58,NaN
2024-03-20,1062.58,1065.23,1055.73,1055.73,NaN
2024-03-21,1055.73,1058.6899,1054.1899,1057.3,NaN
2024-03-22,1057.3,1059.5699,1054,1057.1801,NaN
2024-03-25,1057.1801,1058.52,1055.59,1056.26,NaN
2024-03-26,1056.26,1059.75,1052.26,1054.03,NaN
2024-03-27,1054.03,1057.7,1052.75,1057.41,NaN
2024-03-28,1057.41,1065.04,1056.5699,1057.3199,NaN
2024-03-29,1057.3199,1060.55,1055.67,1058.6899,NaN
2024-04-01,1058.6899,1061.78,1055.84,1056.49,NaN
2024-04-02,1055.53,1060.29,1055.11,1060.13,NaN
2024-04-03,1060.13,1065.26,1060.13,1061.87,NaN
2024-04-04,1061.87,1062.63,1055.64,1062.63,NaN
2024-04-05,1062.63,1066.63,1058.62,1065.35,NaN
2024-04-08,1065.35,1074.11,1064.1899,1073.4301,NaN
2024-04-09,1073.4301,1086.9301,1072.53,1085.25,NaN
2024-04-15,1087.3,1088.1,1080.9301,1085.6899,NaN
2024-04-16,1085.6899,1090.78,1082.22,1082.22,NaN
2024-04-17,1082.22,1091.3101,1071.4,1086.29,NaN
2024-04-18,1086.29,1092.13,1083.61,1092.13,NaN
2024-04-19,1092.13,1096.9399,1089.95,1092.4,NaN
2024-04-22,1092.4,1093.3199,1078.78,1078.78,NaN
2024-04-23,1078.78,1078.78,1064.8199,1073.95,NaN
2024-04-24,1073.95,1079.55,1073.73,1077.35,NaN
2024-04-25,1077.35,1082.48,1076.52,1082.4399,NaN
2024-04-26,1082.4399,1083.01,1075.66,1080.74,NaN
2024-04-29,1080.74,1087.85,1078.9399,1081.1,NaN
2024-04-30,1081.1,1081.1,1075.97,1077.02,NaN
2024-05-02,1077.02,1081.61,1074.4399,1076.15,NaN
2024-05-03,1076.15,1085.29,1076.15,1081.99,NaN
2024-05-06,1081.99,1082.46,1071.84,1076.49,NaN
2024-05-07,1076.49,1078.5,1073.76,1077.78,NaN
2024-05-08,1077.78,1081.99,1077.6,1080.6801,NaN
2024-05-09,1080.6801,1087.5,1079.04,1086.41,NaN
2024-05-10,1086.41,1092.36,1085.84,1090.71,NaN
2024-05-13,1090.71,1094.47,1090.27,1090.27,NaN
2024-05-14,1090.27,1092.76,1085.36,1086.1,NaN
2024-05-15,1086.1,1088.8199,1081.0699,1081.0699,NaN
2024-05-16,1081.0699,1081.58,1076.89,1078.66,NaN
2024-05-17,1078.66,1080.12,1077.5699,1079.55,NaN
2024-05-20,1079.55,1084.97,1077.78,1080.37,NaN
2024-05-21,1080.37,1084.4301,1077.8199,1079.91,NaN
2024-05-22,1079.91,1083.88,1076.76,1077.88,NaN
2024-05-23,1077.88,1083.83,1076,1078.11,NaN
2024-05-24,1078.11,1079.54,1072.89,1075.48,NaN
2024-05-27,1075.48,1078.28,1072.28,1074.4399,NaN
2024-05-28,1074.4399,1083.0601,1074.16,1078.53,NaN
2024-05-29,1078.53,1082.13,1074.3101,1075.67,NaN
2024-05-30,1075.67,1079.62,1072.85,1072.85,NaN
2024-05-31,1072.85,1075.3199,1070.33,1072.92,NaN
2024-06-03,1072.92,1078.38,1072.92,1073.49,NaN
2024-06-04,1073.49,1076.53,1066.4301,1067.02,NaN
2024-06-05,1067.02,1069.22,1049.99,1049.99,NaN
2024-06-06,1046.33,1068.74,1046.33,1068.74,NaN
2024-06-07,1068.74,1072.53,1065.51,1065.77,NaN
2024-06-10,1065.77,1068.99,1062.37,1062.37,NaN
2024-06-11,1062.37,1067.64,1062.36,1065.11,NaN
2024-06-12,1065.11,1067.41,1062.39,1062.47,NaN
2024-06-13,1062.47,1065.98,1062.33,1063.86,NaN
2024-06-14,1063.86,1066.67,1061.28,1061.63,NaN
2024-06-19,1061.63,1071.63,1061.63,1063.61,NaN
2024-06-20,1062.2,1066.47,1059.9301,1059.9399,NaN
2024-06-21,1059.9399,1063.16,1059.13,1059.13,NaN
2024-06-24,1059.13,1062.36,1057.72,1058.26,NaN
2024-06-25,1058.26,1088.53,1058.26,1083.89,NaN
2024-06-26,1083.89,1088.04,1079.61,1080.83,NaN
2024-06-27,1076.52,1076.52,1076.52,1076.52,NaN
2024-06-28,1076.52,1080.55,1074.4399,1074.8101,NaN
2024-07-01,1074.8101,1077.8199,1072.41,1073.08,NaN
2024-07-02,1070.6899,1074.1,1066.0601,1069.9399,NaN
2024-07-03,1069.9399,1072.59,1059.09,1067.23,NaN
2024-07-04,1067.23,1074.5,1063.74,1071.9,NaN
2024-07-05,1071.9,1079.7,1067.26,1079.55,NaN
2024-07-08,1079.55,1079.55,1072.9399,1077.83,NaN
2024-07-09,1077.83,1079.8101,1071.24,1078.28,NaN
2024-07-10,1071.39,1084.21,1071.39,1081.33,NaN
2024-07-11,1078.17,1087.91,1076.17,1087.91,NaN
2024-07-12,1087.13,1096.41,1083.4301,1096.41,NaN
2024-07-15,1096.41,1098.04,1088.33,1088.88,NaN
2024-07-16,1088.88,1092.99,1086.9301,1090.03,NaN
2024-07-17,1087.99,1103.25,1087.5,1103.25,NaN
2024-07-18,1103.25,1107.28,1100.52,1104.17,NaN
2024-07-19,1100.97,1111.65,1099.27,1105.8,NaN
2024-07-22,1105.8,1109.62,1103.75,1105.74,NaN
2024-07-23,1105.74,1109.1,1102.46,1103.88,NaN
2024-07-24,1102.17,1113.4399,1102.17,1105.21,NaN
2024-07-25,1105.21,1112.22,1098.76,1107.34,NaN
2024-07-26,1107.34,1120.83,1107.34,1116.9,NaN
2024-07-29,1116.9,1129.71,1116.9,1128.84,NaN
2024-07-31,1128.6,1148.58,1128.6,1134.62,NaN
2024-08-01,1134.62,1138.09,1129.62,1132.74,NaN
2024-08-02,1132.74,1138.55,1128.04,1134.97,NaN
2024-08-05,1134.97,1134.97,1094.39,1102.58,NaN
2024-08-06,1102.58,1120.48,1099.71,1120.15,NaN
2024-08-07,1120.15,1123.91,1117.12,1118.71,NaN
2024-08-08,1118.71,1120.15,1113.54,1120.15,NaN
2024-08-09,1120.15,1121.29,1114.1899,1119.38,NaN
2024-08-12,1119.38,1125.67,1117.65,1119.38,NaN
2024-08-13,1119.38,1125.1899,1117.76,1120.13,NaN
2024-08-15,1120.13,1125.84,1117.48,1125.23,NaN
2024-08-16,1125.23,1128.83,1120.98,1126.9,NaN
2024-08-19,1126.9,1129.12,1120.3199,1128.01,NaN
2024-08-22,1128.01,1134.3,1126.66,1129.83,NaN
2024-08-23,1129.83,1135.37,1127.6801,1132.01,NaN
2024-08-26,1132.01,1134.9,1129.3101,1130.37,NaN
2024-08-27,1130.37,1135.75,1125.61,1125.61,NaN
2024-08-28,1125.61,1134.97,1125.61,1128.88,NaN
2024-08-29,1128.88,1138.17,1127.91,1129.87,NaN
2024-08-30,1129.87,1138.46,1129.87,1130.28,NaN
2024-09-02,1130.28,1134.8101,1126.16,1132.83,NaN
2024-09-03,1127.03,1135.6,1126.42,1127.11,NaN
2024-09-04,1127.11,1129.5699,1123.22,1123.46,NaN
2024-09-05,1123.46,1131.11,1123.46,1128.37,NaN
2024-09-06,1128.37,1133.14,1127.55,1127.77,NaN
2024-09-09,1127.77,1136.3,1127.6801,1135.35,NaN
2024-09-10,1135.35,1141.97,1131.76,1131.76,NaN
2024-09-11,1131.76,1133.17,1124.45,1129.3101,NaN
2024-09-12,1129.31,1134.58,1123.92,1123.92,NaN
2024-09-13,1123.92,1132.91,1120.05,1132.88,NaN
2024-09-18,1132.88,1138.67,1129.73,1138.32,NaN
2024-09-19,1138.32,1151.83,1138.32,1149.63,NaN
2024-09-20,1149.63,1158.11,1149.3,1154.56,NaN
2024-09-23,1154.56,1156.25,1149.85,1155.31,NaN
2024-09-24,1155.31,1168.62,1147.25,1148.47,NaN
2024-09-25,1148.47,1156.15,1148.47,1154.5,NaN
2024-09-26,1154.5,1164.01,1154.5,1161.4,NaN
2024-09-27,1161.4,1170.85,1160.55,1169.32,NaN
2024-09-30,1169.32,1174.59,1162.09,1162.09,NaN
2024-10-01,1162.09,1166.3,1144.35,1146.48,NaN
2024-10-02,1146.48,1149.75,1127.97,1131.79,NaN
2024-10-03,1131.79,1146.34,1131.79,1139.95,NaN
2024-10-04,1139.95,1147.43,1139.66,1140.87,NaN
2024-10-07,1140.87,1143.83,1137.2,1137.91,NaN
2024-10-08,1137.91,1139.43,1125.87,1125.87,NaN
2024-10-09,1125.87,1137.66,1125.87,1136.71,NaN
2024-10-10,1136.71,1143.64,1133.8,1134.69,NaN
2024-10-11,1134.69,1135.58,1129.84,1132,NaN
2024-10-14,1132,1140.06,1127.63,1127.8,NaN
2024-10-15,1127.8,1130.01,1120.18,1121.64,NaN
2024-10-16,1121.64,1121.85,1110.65,1112.29,NaN
2024-10-17,1112.29,1136.44,1112.29,1136.23,NaN
2024-10-18,1136.23,1145.32,1131.67,1132.95,NaN
2024-10-21,1132.95,1139.14,1130.33,1132.17,NaN
2024-10-22,1132.17,1133.76,1129.15,1132.54,NaN
2024-10-23,1132.54,1137.06,1128.34,1136.57,NaN
2024-10-24,1136.57,1141.76,1134.44,1138.29,NaN
2024-10-25,1138.29,1142.29,1136.56,1141.8,NaN
2024-10-28,1141.8,1149.14,1140.8,1143.82,NaN
2024-10-29,1143.82,1150.79,1140.68,1147.77,NaN
2024-10-30,1147.77,1150.46,1141.1,1143.25,NaN
2024-10-31,1143.25,1146.95,1141.7,1143.12,NaN
2024-11-01,1143.12,1151.86,1143.12,1151.86,NaN
2024-11-04,1151.86,1155.75,1149.99,1155.75,NaN
2024-11-05,1155.75,1158.96,1150.68,1153.2,NaN
2024-11-07,1153.2,1172.37,1153.2,1170.91,NaN
2024-11-08,1170.91,1189.84,1170.91,1186.11,NaN
2024-11-11,1186.11,1190.85,1184.14,1187.85,NaN
2024-11-12,1187.85,1194.59,1183.81,1185.33,NaN
2024-11-13,1185.33,1194.29,1182.22,1188.04,NaN
2024-11-14,1188.04,1196.7,1188.04,1195.52,NaN
2024-11-15,1195.52,1207.44,1193.09,1205.51,NaN
2024-11-19,1216.56,1220.54,1205.51,1217.07,NaN
2024-11-20,1217.07,1224.89,1215.24,1218.72,NaN
2024-11-21,1218.72,1224.8,1207.59,1207.59,NaN
2024-11-22,1207.59,1210.66,1204.75,1210.37,NaN
2024-11-25,1210.37,1215.78,1191.75,1196.02,NaN
2024-11-26,1196.02,1207.08,1196.02,1204.25,NaN
2024-11-27,1204.25,1212.95,1202.42,1211.53,NaN
2024-11-28,1211.53,1217.42,1207.76,1212,NaN
2024-11-29,1212,1216.67,1206.48,1208.62,NaN
2024-12-02,1208.62,1208.84,1195.18,1196.15,NaN
2024-12-03,1196.15,1199.4,1193.53,1197.45,NaN
2024-12-04,1197.45,1204.1,1194.85,1198.04,NaN
2024-12-05,1198.04,1210.19,1196.15,1209.95,NaN
2024-12-06,1209.95,1210.54,1197.83,1200.19,NaN
2024-12-09,1200.19,1203.4,1195.57,1202.41,NaN
2024-12-10,1202.41,1205.15,1191.87,1191.87,NaN
2024-12-11,1191.87,1198.46,1188.85,1192.37,NaN
2024-12-12,1192.37,1199.37,1189.2,1190.74,NaN
2024-12-13,1190.74,1195.77,1188.31,1193.18,NaN
2024-12-16,1193.18,1201.04,1192.34,1193.21,NaN
2024-12-17,1193.21,1214.15,1193.16,1197.55,NaN
2024-12-18,1197.55,1204.3,1196.07,1196.07,NaN
2024-12-19,1196.07,1204.1,1190.55,1192.39,NaN
2024-12-20,1192.39,1196.68,1187.26,1191,NaN
2024-12-23,1191,1195.53,1186.63,1189.28,NaN
2024-12-24,1189.28,1193.64,1180.65,1182.18,NaN
2024-12-25,1182.18,1187.06,1178.98,1179.6,NaN
2024-12-26,1179.6,1187.77,1179.6,1184.11,NaN
2024-12-27,1184.11,1189.02,1179.3,1183.92,NaN
2024-12-30,1183.92,1192.78,1181.41,1189.38,NaN
2024-12-31,1189.38,1195.79,1189.2,1193.02,NaN
2025-01-02,1193.02,1224.97,1192.19,1220.24,NaN
2025-01-03,1220.24,1257.88,1220.24,1257.88,NaN
2025-01-06,1257.88,1273.76,1257.88,1260.23,NaN
2025-01-07,1260.23,1261.36,1250.19,1258.54,NaN
2025-01-08,1258.54,1282.55,1258.54,1273.39,NaN
2025-01-09,1273.39,1305.56,1273.39,1285.1,NaN
2025-01-10,1285.1,1300.26,1283.88,1287.92,NaN
2025-01-13,1287.92,1296.15,1280.94,1291.16,NaN
2025-01-15,1291.16,1306.61,1291.16,1305.97,NaN
2025-01-16,1305.97,1316.08,1304.39,1304.99,NaN
2025-01-17,1304.99,1309.22,1300.3,1300.3,NaN
2025-01-20,1300.3,1308.72,1294.71,1294.71,NaN
2025-01-21,1294.71,1299.93,1276.52,1276.89,NaN
2025-01-22,1276.89,1281.72,1271.61,1278.35,NaN
2025-01-23,1278.35,1286.28,1276.85,1280.09,NaN
2025-01-24,1280.09,1290.16,1280.09,1284.77,NaN
2025-01-27,1284.77,1290.56,1283.92,1284.43,NaN
2025-01-28,1284.43,1292.42,1284.24,1287.41,NaN
2025-01-29,1287.41,1306.03,1286.08,1305.16,NaN
2025-01-30,1305.16,1333.92,1305.03,1326.21,NaN
2025-01-31,1326.21,1335.86,1317.21,1318.47,NaN
2025-02-03,1318.47,1324.79,1312.63,1313.48,NaN
2025-02-04,1313.48,1318.84,1312.33,1314.54,NaN
2025-02-05,1314.54,1324.12,1310.53,1311.62,NaN
2025-02-06,1311.62,1320.49,1311.29,1320.49,NaN
2025-02-07,1320.49,1323.45,1313.99,1318.77,NaN
2025-02-10,1318.77,1320.57,1312.03,1318.24,NaN
2025-02-11,1318.24,1321.16,1311.63,1313.52,NaN
2025-02-12,1313.52,1330.32,1311.43,1323.59,NaN
2025-02-13,1323.59,1335.79,1323.59,1324.43,NaN
2025-02-14,1324.43,1329.78,1322.64,1328.55,NaN
2025-02-17,1328.55,1343.74,1328.5,1343.74,NaN
2025-02-18,1343.74,1353.11,1343.74,1348.41,NaN
2025-02-19,1348.41,1361.96,1348.41,1361.96,NaN
2025-02-20,1361.96,1371.39,1361.31,1371.39,NaN
2025-02-21,1371.39,1388.65,1358.01,1363.22,NaN
2025-02-24,1363.22,1376.01,1363.22,1369.8,NaN
2025-02-25,1369.8,1382.86,1369.8,1373.95,NaN
